Config,Seed,Step,Score
only_tn,67,4999,14.033333333333333
only_tn,67,9999,15.8
only_tn,67,14999,21.233333333333334
only_tn,67,19999,12.6
only_tn,67,24999,16.733333333333334
only_tn,67,29999,16.2
only_tn,67,34999,27.466666666666665
only_tn,67,39999,47.86666666666667
only_tn,67,44999,43.53333333333333
only_tn,67,49999,48.43333333333333
only_tn,67,54999,17.666666666666668
only_tn,67,59999,25.7
only_tn,67,64999,22.366666666666667
only_tn,67,69999,31.4
only_tn,67,74999,43.86666666666667
only_tn,67,79999,21.766666666666666
only_tn,67,84999,21.933333333333334
only_tn,67,89999,9.5
only_tn,67,94999,26.566666666666666
only_tn,67,99999,35.0
only_tn,67,104999,26.5
only_tn,67,109999,21.233333333333334
only_tn,67,114999,17.366666666666667
only_tn,67,119999,26.666666666666668
only_tn,67,124999,54.6
only_tn,67,129999,27.033333333333335
only_tn,67,134999,32.06666666666667
only_tn,67,139999,14.4
only_tn,67,144999,36.56666666666667
only_tn,67,149999,49.333333333333336
only_tn,67,154999,54.2
only_tn,67,159999,21.533333333333335
only_tn,67,164999,21.333333333333332
only_tn,67,169999,21.133333333333333
only_tn,67,174999,24.066666666666666
only_tn,67,179999,26.666666666666668
only_tn,67,184999,31.0
only_tn,67,189999,18.7
only_tn,67,194999,24.966666666666665
only_tn,67,199999,22.9
only_tn,67,204999,25.833333333333332
only_tn,67,209999,19.2
only_tn,67,214999,29.533333333333335
only_tn,67,219999,24.5
only_tn,67,224999,9.666666666666666
only_tn,67,229999,38.233333333333334
only_tn,67,234999,27.933333333333334
only_tn,67,239999,21.633333333333333
only_tn,67,244999,23.6
only_tn,67,249999,25.2
only_tn,67,254999,23.066666666666666
only_tn,67,259999,18.3
only_tn,67,264999,24.2
only_tn,67,269999,26.333333333333332
only_tn,67,274999,20.333333333333332
only_tn,67,279999,30.2
only_tn,67,284999,23.3
only_tn,67,289999,32.13333333333333
only_tn,67,294999,21.766666666666666
only_tn,67,299999,20.066666666666666
only_tn,67,304999,28.933333333333334
only_tn,67,309999,24.466666666666665
only_tn,67,314999,20.266666666666666
only_tn,67,319999,25.566666666666666
only_tn,67,324999,25.7
only_tn,67,329999,21.833333333333332
only_tn,67,334999,27.3
only_tn,67,339999,20.833333333333332
only_tn,67,344999,21.433333333333334
only_tn,67,349999,23.833333333333332
only_tn,67,354999,20.766666666666666
only_tn,67,359999,23.666666666666668
only_tn,67,364999,26.566666666666666
only_tn,67,369999,25.333333333333332
only_tn,67,374999,24.3
only_tn,67,379999,21.7
only_tn,67,384999,38.1
only_tn,67,389999,23.2
only_tn,67,394999,28.633333333333333
only_tn,67,399999,24.733333333333334
only_tn,67,404999,24.433333333333334
only_tn,67,409999,23.033333333333335
only_tn,67,414999,23.3
only_tn,67,419999,23.6
only_tn,67,424999,27.5
only_tn,67,429999,24.133333333333333
only_tn,67,434999,24.533333333333335
only_tn,67,439999,26.2
only_tn,67,444999,28.866666666666667
only_tn,67,449999,23.466666666666665
only_tn,67,454999,24.966666666666665
only_tn,67,459999,27.3
only_tn,67,464999,28.266666666666666
only_tn,67,469999,24.133333333333333
only_tn,67,474999,23.6
only_tn,67,479999,23.466666666666665
only_tn,67,484999,29.633333333333333
only_tn,67,489999,23.333333333333332
only_tn,67,494999,26.933333333333334
only_tn,67,499999,24.766666666666666
only_tn,67,504999,38.833333333333336
only_tn,67,509999,26.633333333333333
only_tn,67,514999,23.166666666666668
only_tn,67,519999,26.566666666666666
only_tn,67,524999,23.633333333333333
only_tn,67,529999,25.0
only_tn,67,534999,37.266666666666666
only_tn,67,539999,20.466666666666665
only_tn,67,544999,32.56666666666667
only_tn,67,549999,20.666666666666668
only_tn,67,554999,24.8
only_tn,67,559999,32.9
only_tn,67,564999,36.03333333333333
only_tn,67,569999,19.966666666666665
only_tn,67,574999,26.2
only_tn,67,579999,19.8
only_tn,67,584999,26.066666666666666
only_tn,67,589999,28.7
only_tn,67,594999,25.0
only_tn,67,599999,27.966666666666665
only_tn,67,604999,27.566666666666666
only_tn,67,609999,20.0
only_tn,67,614999,21.966666666666665
only_tn,67,619999,23.1
only_tn,67,624999,26.066666666666666
only_tn,67,629999,24.666666666666668
only_tn,67,634999,27.233333333333334
only_tn,67,639999,30.633333333333333
only_tn,67,644999,25.966666666666665
only_tn,67,649999,21.2
only_tn,67,654999,21.166666666666668
only_tn,67,659999,23.066666666666666
only_tn,67,664999,24.866666666666667
only_tn,67,669999,22.1
only_tn,67,674999,9.366666666666667
only_tn,67,679999,24.933333333333334
only_tn,67,684999,26.533333333333335
only_tn,67,689999,25.4
only_tn,67,694999,23.633333333333333
only_tn,67,699999,23.633333333333333
only_tn,67,704999,26.466666666666665
only_tn,67,709999,23.933333333333334
only_tn,67,714999,26.166666666666668
only_tn,67,719999,29.366666666666667
only_tn,67,724999,25.666666666666668
only_tn,67,729999,27.933333333333334
only_tn,67,734999,19.133333333333333
only_tn,67,739999,22.266666666666666
only_tn,67,744999,28.3
only_tn,67,749999,9.5
only_tn,67,754999,25.933333333333334
only_tn,67,759999,27.733333333333334
only_tn,67,764999,26.266666666666666
only_tn,67,769999,24.8
only_tn,67,774999,27.2
only_tn,67,779999,23.633333333333333
only_tn,67,784999,19.466666666666665
only_tn,67,789999,19.766666666666666
only_tn,67,794999,29.4
only_tn,67,799999,19.7
only_tn,67,804999,24.833333333333332
only_tn,67,809999,22.6
only_tn,67,814999,28.3
only_tn,67,819999,25.533333333333335
only_tn,67,824999,23.933333333333334
only_tn,67,829999,29.1
only_tn,67,834999,24.966666666666665
only_tn,67,839999,19.8
only_tn,67,844999,25.766666666666666
only_tn,67,849999,26.7
only_tn,67,854999,28.333333333333332
only_tn,67,859999,26.333333333333332
only_tn,67,864999,21.7
only_tn,67,869999,23.5
only_tn,67,874999,26.1
only_tn,67,879999,19.4
only_tn,67,884999,29.5
only_tn,67,889999,26.133333333333333
only_tn,67,894999,26.733333333333334
only_tn,67,899999,25.866666666666667
only_tn,67,904999,25.733333333333334
only_tn,67,909999,24.866666666666667
only_tn,67,914999,24.066666666666666
only_tn,67,919999,30.666666666666668
only_tn,67,924999,24.6
only_tn,67,929999,26.933333333333334
only_tn,67,934999,20.166666666666668
only_tn,67,939999,25.866666666666667
only_tn,67,944999,26.3
only_tn,67,949999,24.866666666666667
only_tn,67,954999,28.466666666666665
only_tn,67,959999,25.966666666666665
only_tn,67,964999,24.733333333333334
only_tn,67,969999,25.3
only_tn,67,974999,25.333333333333332
only_tn,67,979999,26.6
only_tn,67,984999,25.466666666666665
only_tn,67,989999,25.166666666666668
only_tn,67,994999,28.166666666666668
only_tn,67,999999,21.9
only_tn,69,4999,9.5
only_tn,69,9999,9.333333333333334
only_tn,69,14999,9.366666666666667
only_tn,69,19999,9.3
only_tn,69,24999,9.433333333333334
only_tn,69,29999,9.166666666666666
only_tn,69,34999,9.333333333333334
only_tn,69,39999,9.366666666666667
only_tn,69,44999,9.3
only_tn,69,49999,9.466666666666667
only_tn,69,54999,9.133333333333333
only_tn,69,59999,9.133333333333333
only_tn,69,64999,9.466666666666667
only_tn,69,69999,9.333333333333334
only_tn,69,74999,9.466666666666667
only_tn,69,79999,8.933333333333334
only_tn,69,84999,9.3
only_tn,69,89999,9.233333333333333
only_tn,69,94999,9.333333333333334
only_tn,69,99999,9.233333333333333
only_tn,69,104999,9.366666666666667
only_tn,69,109999,9.166666666666666
only_tn,69,114999,9.433333333333334
only_tn,69,119999,9.3
only_tn,69,124999,9.4
only_tn,69,129999,9.6
only_tn,69,134999,9.1
only_tn,69,139999,9.433333333333334
only_tn,69,144999,9.466666666666667
only_tn,69,149999,9.233333333333333
only_tn,69,154999,9.633333333333333
only_tn,69,159999,9.566666666666666
only_tn,69,164999,9.433333333333334
only_tn,69,169999,9.433333333333334
only_tn,69,174999,9.433333333333334
only_tn,69,179999,9.233333333333333
only_tn,69,184999,9.3
only_tn,69,189999,9.033333333333333
only_tn,69,194999,9.5
only_tn,69,199999,9.266666666666667
only_tn,69,204999,9.366666666666667
only_tn,69,209999,9.3
only_tn,69,214999,9.266666666666667
only_tn,69,219999,9.166666666666666
only_tn,69,224999,9.333333333333334
only_tn,69,229999,9.433333333333334
only_tn,69,234999,9.433333333333334
only_tn,69,239999,9.333333333333334
only_tn,69,244999,9.333333333333334
only_tn,69,249999,9.433333333333334
only_tn,69,254999,9.4
only_tn,69,259999,9.233333333333333
only_tn,69,264999,9.233333333333333
only_tn,69,269999,8.933333333333334
only_tn,69,274999,9.2
only_tn,69,279999,9.4
only_tn,69,284999,9.333333333333334
only_tn,69,289999,9.266666666666667
only_tn,69,294999,9.466666666666667
only_tn,69,299999,9.366666666666667
only_tn,69,304999,9.433333333333334
only_tn,69,309999,9.3
only_tn,69,314999,9.2
only_tn,69,319999,9.333333333333334
only_tn,69,324999,9.2
only_tn,69,329999,9.366666666666667
only_tn,69,334999,9.433333333333334
only_tn,69,339999,9.2
only_tn,69,344999,9.133333333333333
only_tn,69,349999,9.366666666666667
only_tn,69,354999,9.366666666666667
only_tn,69,359999,9.233333333333333
only_tn,69,364999,9.4
only_tn,69,369999,9.266666666666667
only_tn,69,374999,9.233333333333333
only_tn,69,379999,9.366666666666667
only_tn,69,384999,9.366666666666667
only_tn,69,389999,9.333333333333334
only_tn,69,394999,9.433333333333334
only_tn,69,399999,9.3
only_tn,69,404999,9.4
only_tn,69,409999,9.233333333333333
only_tn,69,414999,9.466666666666667
only_tn,69,419999,9.3
only_tn,69,424999,9.3
only_tn,69,429999,9.3
only_tn,69,434999,9.366666666666667
only_tn,69,439999,9.366666666666667
only_tn,69,444999,9.5
only_tn,69,449999,9.5
only_tn,69,454999,9.2
only_tn,69,459999,9.266666666666667
only_tn,69,464999,9.433333333333334
only_tn,69,469999,9.433333333333334
only_tn,69,474999,9.333333333333334
only_tn,69,479999,9.366666666666667
only_tn,69,484999,9.4
only_tn,69,489999,9.333333333333334
only_tn,69,494999,9.233333333333333
only_tn,69,499999,9.266666666666667
only_tn,69,504999,9.466666666666667
only_tn,69,509999,9.1
only_tn,69,514999,9.133333333333333
only_tn,69,519999,9.4
only_tn,69,524999,9.4
only_tn,69,529999,9.2
only_tn,69,534999,9.5
only_tn,69,539999,9.4
only_tn,69,544999,9.4
only_tn,69,549999,9.366666666666667
only_tn,69,554999,9.166666666666666
only_tn,69,559999,9.5
only_tn,69,564999,9.333333333333334
only_tn,69,569999,9.166666666666666
only_tn,69,574999,9.366666666666667
only_tn,69,579999,9.566666666666666
only_tn,69,584999,9.3
only_tn,69,589999,9.3
only_tn,69,594999,9.633333333333333
only_tn,69,599999,9.3
only_tn,69,604999,9.3
only_tn,69,609999,9.066666666666666
only_tn,69,614999,9.366666666666667
only_tn,69,619999,9.133333333333333
only_tn,69,624999,9.433333333333334
only_tn,69,629999,9.433333333333334
only_tn,69,634999,9.233333333333333
only_tn,69,639999,9.3
only_tn,69,644999,9.566666666666666
only_tn,69,649999,9.366666666666667
only_tn,69,654999,9.366666666666667
only_tn,69,659999,9.433333333333334
only_tn,69,664999,9.233333333333333
only_tn,69,669999,9.3
only_tn,69,674999,9.4
only_tn,69,679999,9.566666666666666
only_tn,69,684999,9.333333333333334
only_tn,69,689999,9.266666666666667
only_tn,69,694999,9.466666666666667
only_tn,69,699999,9.233333333333333
only_tn,69,704999,9.533333333333333
only_tn,69,709999,9.466666666666667
only_tn,69,714999,9.266666666666667
only_tn,69,719999,9.333333333333334
only_tn,69,724999,9.366666666666667
only_tn,69,729999,9.3
only_tn,69,734999,9.4
only_tn,69,739999,9.3
only_tn,69,744999,9.366666666666667
only_tn,69,749999,9.4
only_tn,69,754999,9.466666666666667
only_tn,69,759999,9.133333333333333
only_tn,69,764999,9.6
only_tn,69,769999,9.366666666666667
only_tn,69,774999,9.266666666666667
only_tn,69,779999,9.233333333333333
only_tn,69,784999,9.5
only_tn,69,789999,9.233333333333333
only_tn,69,794999,9.233333333333333
only_tn,69,799999,9.266666666666667
only_tn,69,804999,9.433333333333334
only_tn,69,809999,9.333333333333334
only_tn,69,814999,9.4
only_tn,69,819999,9.466666666666667
only_tn,69,824999,9.2
only_tn,69,829999,9.333333333333334
only_tn,69,834999,9.4
only_tn,69,839999,9.3
only_tn,69,844999,9.6
only_tn,69,849999,9.466666666666667
only_tn,69,854999,9.433333333333334
only_tn,69,859999,9.2
only_tn,69,864999,9.366666666666667
only_tn,69,869999,9.4
only_tn,69,874999,9.3
only_tn,69,879999,9.233333333333333
only_tn,69,884999,9.333333333333334
only_tn,69,889999,9.266666666666667
only_tn,69,894999,9.533333333333333
only_tn,69,899999,9.2
only_tn,69,904999,9.4
only_tn,69,909999,9.3
only_tn,69,914999,9.1
only_tn,69,919999,9.3
only_tn,69,924999,9.333333333333334
only_tn,69,929999,9.533333333333333
only_tn,69,934999,9.466666666666667
only_tn,69,939999,9.266666666666667
only_tn,69,944999,9.633333333333333
only_tn,69,949999,9.366666666666667
only_tn,69,954999,9.4
only_tn,69,959999,9.533333333333333
only_tn,69,964999,9.433333333333334
only_tn,69,969999,9.533333333333333
only_tn,69,974999,9.2
only_tn,69,979999,9.566666666666666
only_tn,69,984999,9.266666666666667
only_tn,69,989999,9.466666666666667
only_tn,69,994999,9.3
only_tn,69,999999,9.166666666666666
only_tn,666,4999,9.4
only_tn,666,9999,9.433333333333334
only_tn,666,14999,9.866666666666667
only_tn,666,19999,10.333333333333334
only_tn,666,24999,9.266666666666667
only_tn,666,29999,9.333333333333334
only_tn,666,34999,9.133333333333333
only_tn,666,39999,9.333333333333334
only_tn,666,44999,9.633333333333333
only_tn,666,49999,9.466666666666667
only_tn,666,54999,9.233333333333333
only_tn,666,59999,9.366666666666667
only_tn,666,64999,9.266666666666667
only_tn,666,69999,9.266666666666667
only_tn,666,74999,9.1
only_tn,666,79999,9.466666666666667
only_tn,666,84999,9.4
only_tn,666,89999,9.166666666666666
only_tn,666,94999,9.633333333333333
only_tn,666,99999,9.566666666666666
only_tn,666,104999,9.333333333333334
only_tn,666,109999,9.3
only_tn,666,114999,9.166666666666666
only_tn,666,119999,9.3
only_tn,666,124999,9.4
only_tn,666,129999,9.466666666666667
only_tn,666,134999,9.366666666666667
only_tn,666,139999,9.6
only_tn,666,144999,9.4
only_tn,666,149999,9.666666666666666
only_tn,666,154999,9.333333333333334
only_tn,666,159999,9.433333333333334
only_tn,666,164999,19.933333333333334
only_tn,666,169999,9.266666666666667
only_tn,666,174999,9.6
only_tn,666,179999,9.5
only_tn,666,184999,9.366666666666667
only_tn,666,189999,9.3
only_tn,666,194999,9.4
only_tn,666,199999,9.166666666666666
only_tn,666,204999,9.433333333333334
only_tn,666,209999,9.233333333333333
only_tn,666,214999,9.5
only_tn,666,219999,9.433333333333334
only_tn,666,224999,9.533333333333333
only_tn,666,229999,9.266666666666667
only_tn,666,234999,9.433333333333334
only_tn,666,239999,9.366666666666667
only_tn,666,244999,9.366666666666667
only_tn,666,249999,9.4
only_tn,666,254999,9.333333333333334
only_tn,666,259999,9.3
only_tn,666,264999,9.433333333333334
only_tn,666,269999,9.4
only_tn,666,274999,9.4
only_tn,666,279999,9.266666666666667
only_tn,666,284999,9.066666666666666
only_tn,666,289999,9.533333333333333
only_tn,666,294999,9.3
only_tn,666,299999,9.166666666666666
only_tn,666,304999,9.366666666666667
only_tn,666,309999,9.166666666666666
only_tn,666,314999,9.2
only_tn,666,319999,9.233333333333333
only_tn,666,324999,9.433333333333334
only_tn,666,329999,9.1
only_tn,666,334999,9.366666666666667
only_tn,666,339999,9.133333333333333
only_tn,666,344999,9.266666666666667
only_tn,666,349999,9.166666666666666
only_tn,666,354999,9.466666666666667
only_tn,666,359999,9.266666666666667
only_tn,666,364999,9.333333333333334
only_tn,666,369999,9.566666666666666
only_tn,666,374999,9.4
only_tn,666,379999,9.4
only_tn,666,384999,9.266666666666667
only_tn,666,389999,9.466666666666667
only_tn,666,394999,9.333333333333334
only_tn,666,399999,9.533333333333333
only_tn,666,404999,9.433333333333334
only_tn,666,409999,9.666666666666666
only_tn,666,414999,9.733333333333333
only_tn,666,419999,9.666666666666666
only_tn,666,424999,9.1
only_tn,666,429999,9.366666666666667
only_tn,666,434999,9.333333333333334
only_tn,666,439999,9.466666666666667
only_tn,666,444999,9.3
only_tn,666,449999,9.433333333333334
only_tn,666,454999,9.4
only_tn,666,459999,9.466666666666667
only_tn,666,464999,9.2
only_tn,666,469999,9.366666666666667
only_tn,666,474999,9.2
only_tn,666,479999,9.266666666666667
only_tn,666,484999,9.366666666666667
only_tn,666,489999,9.133333333333333
only_tn,666,494999,9.333333333333334
only_tn,666,499999,9.6
only_tn,666,504999,9.533333333333333
only_tn,666,509999,9.2
only_tn,666,514999,9.4
only_tn,666,519999,9.5
only_tn,666,524999,9.3
only_tn,666,529999,9.2
only_tn,666,534999,9.366666666666667
only_tn,666,539999,9.366666666666667
only_tn,666,544999,9.2
only_tn,666,549999,9.366666666666667
only_tn,666,554999,9.4
only_tn,666,559999,9.433333333333334
only_tn,666,564999,9.3
only_tn,666,569999,8.933333333333334
only_tn,666,574999,9.333333333333334
only_tn,666,579999,9.2
only_tn,666,584999,9.233333333333333
only_tn,666,589999,9.233333333333333
only_tn,666,594999,9.366666666666667
only_tn,666,599999,9.266666666666667
only_tn,666,604999,9.433333333333334
only_tn,666,609999,9.333333333333334
only_tn,666,614999,9.2
only_tn,666,619999,9.6
only_tn,666,624999,9.633333333333333
only_tn,666,629999,9.3
only_tn,666,634999,9.266666666666667
only_tn,666,639999,9.4
only_tn,666,644999,9.333333333333334
only_tn,666,649999,9.5
only_tn,666,654999,9.333333333333334
only_tn,666,659999,9.3
only_tn,666,664999,9.466666666666667
only_tn,666,669999,9.366666666666667
only_tn,666,674999,9.433333333333334
only_tn,666,679999,9.6
only_tn,666,684999,9.466666666666667
only_tn,666,689999,9.466666666666667
only_tn,666,694999,9.5
only_tn,666,699999,9.533333333333333
only_tn,666,704999,9.533333333333333
only_tn,666,709999,9.233333333333333
only_tn,666,714999,9.4
only_tn,666,719999,9.366666666666667
only_tn,666,724999,9.266666666666667
only_tn,666,729999,9.166666666666666
only_tn,666,734999,9.2
only_tn,666,739999,9.2
only_tn,666,744999,9.233333333333333
only_tn,666,749999,9.233333333333333
only_tn,666,754999,9.366666666666667
only_tn,666,759999,9.5
only_tn,666,764999,9.6
only_tn,666,769999,9.266666666666667
only_tn,666,774999,9.5
only_tn,666,779999,9.466666666666667
only_tn,666,784999,9.366666666666667
only_tn,666,789999,9.266666666666667
only_tn,666,794999,9.5
only_tn,666,799999,9.3
only_tn,666,804999,9.433333333333334
only_tn,666,809999,9.333333333333334
only_tn,666,814999,9.366666666666667
only_tn,666,819999,9.4
only_tn,666,824999,9.633333333333333
only_tn,666,829999,9.1
only_tn,666,834999,9.4
only_tn,666,839999,9.266666666666667
only_tn,666,844999,9.266666666666667
only_tn,666,849999,9.466666666666667
only_tn,666,854999,9.466666666666667
only_tn,666,859999,9.633333333333333
only_tn,666,864999,9.3
only_tn,666,869999,9.466666666666667
only_tn,666,874999,9.2
only_tn,666,879999,9.3
only_tn,666,884999,9.266666666666667
only_tn,666,889999,9.366666666666667
only_tn,666,894999,9.533333333333333
only_tn,666,899999,9.333333333333334
only_tn,666,904999,9.333333333333334
only_tn,666,909999,9.266666666666667
only_tn,666,914999,9.3
only_tn,666,919999,9.466666666666667
only_tn,666,924999,9.266666666666667
only_tn,666,929999,9.4
only_tn,666,934999,9.4
only_tn,666,939999,9.433333333333334
only_tn,666,944999,9.466666666666667
only_tn,666,949999,9.466666666666667
only_tn,666,954999,9.366666666666667
only_tn,666,959999,9.2
only_tn,666,964999,9.233333333333333
only_tn,666,969999,9.233333333333333
only_tn,666,974999,9.5
only_tn,666,979999,9.233333333333333
only_tn,666,984999,9.066666666666666
only_tn,666,989999,9.233333333333333
only_tn,666,994999,9.433333333333334
only_tn,666,999999,9.4
only_tn,69420,4999,10.633333333333333
only_tn,69420,9999,12.9
only_tn,69420,14999,9.333333333333334
only_tn,69420,19999,9.3
only_tn,69420,24999,17.6
only_tn,69420,29999,8.933333333333334
only_tn,69420,34999,9.5
only_tn,69420,39999,12.433333333333334
only_tn,69420,44999,9.3
only_tn,69420,49999,9.366666666666667
only_tn,69420,54999,9.366666666666667
only_tn,69420,59999,10.466666666666667
only_tn,69420,64999,9.166666666666666
only_tn,69420,69999,9.233333333333333
only_tn,69420,74999,9.733333333333333
only_tn,69420,79999,24.066666666666666
only_tn,69420,84999,9.233333333333333
only_tn,69420,89999,9.4
only_tn,69420,94999,9.366666666666667
only_tn,69420,99999,9.4
only_tn,69420,104999,21.533333333333335
only_tn,69420,109999,9.4
only_tn,69420,114999,9.366666666666667
only_tn,69420,119999,9.366666666666667
only_tn,69420,124999,9.233333333333333
only_tn,69420,129999,9.366666666666667
only_tn,69420,134999,9.266666666666667
only_tn,69420,139999,9.466666666666667
only_tn,69420,144999,9.066666666666666
only_tn,69420,149999,29.6
only_tn,69420,154999,9.4
only_tn,69420,159999,9.433333333333334
only_tn,69420,164999,9.266666666666667
only_tn,69420,169999,9.0
only_tn,69420,174999,17.1
only_tn,69420,179999,9.433333333333334
only_tn,69420,184999,9.5
only_tn,69420,189999,9.433333333333334
only_tn,69420,194999,9.3
only_tn,69420,199999,9.4
only_tn,69420,204999,9.4
only_tn,69420,209999,9.566666666666666
only_tn,69420,214999,34.5
only_tn,69420,219999,9.533333333333333
only_tn,69420,224999,9.233333333333333
only_tn,69420,229999,9.3
only_tn,69420,234999,9.4
only_tn,69420,239999,9.533333333333333
only_tn,69420,244999,9.466666666666667
only_tn,69420,249999,9.466666666666667
only_tn,69420,254999,9.466666666666667
only_tn,69420,259999,9.233333333333333
only_tn,69420,264999,9.4
only_tn,69420,269999,9.5
only_tn,69420,274999,9.3
only_tn,69420,279999,9.4
only_tn,69420,284999,9.366666666666667
only_tn,69420,289999,9.233333333333333
only_tn,69420,294999,9.5
only_tn,69420,299999,9.4
only_tn,69420,304999,9.4
only_tn,69420,309999,9.5
only_tn,69420,314999,9.366666666666667
only_tn,69420,319999,9.3
only_tn,69420,324999,9.433333333333334
only_tn,69420,329999,9.466666666666667
only_tn,69420,334999,9.4
only_tn,69420,339999,9.533333333333333
only_tn,69420,344999,9.4
only_tn,69420,349999,9.433333333333334
only_tn,69420,354999,9.533333333333333
only_tn,69420,359999,9.166666666666666
only_tn,69420,364999,9.3
only_tn,69420,369999,28.333333333333332
only_tn,69420,374999,9.466666666666667
only_tn,69420,379999,9.266666666666667
only_tn,69420,384999,9.333333333333334
only_tn,69420,389999,9.4
only_tn,69420,394999,9.433333333333334
only_tn,69420,399999,9.233333333333333
only_tn,69420,404999,8.933333333333334
only_tn,69420,409999,9.3
only_tn,69420,414999,9.5
only_tn,69420,419999,9.066666666666666
only_tn,69420,424999,9.366666666666667
only_tn,69420,429999,9.333333333333334
only_tn,69420,434999,9.333333333333334
only_tn,69420,439999,9.4
only_tn,69420,444999,9.466666666666667
only_tn,69420,449999,9.666666666666666
only_tn,69420,454999,9.2
only_tn,69420,459999,9.233333333333333
only_tn,69420,464999,35.1
only_tn,69420,469999,9.566666666666666
only_tn,69420,474999,9.266666666666667
only_tn,69420,479999,9.4
only_tn,69420,484999,15.3
only_tn,69420,489999,9.266666666666667
only_tn,69420,494999,9.633333333333333
only_tn,69420,499999,9.166666666666666
only_tn,69420,504999,9.6
only_tn,69420,509999,9.466666666666667
only_tn,69420,514999,9.433333333333334
only_tn,69420,519999,9.466666666666667
only_tn,69420,524999,9.533333333333333
only_tn,69420,529999,9.5
only_tn,69420,534999,9.366666666666667
only_tn,69420,539999,9.333333333333334
only_tn,69420,544999,9.266666666666667
only_tn,69420,549999,9.533333333333333
only_tn,69420,554999,9.333333333333334
only_tn,69420,559999,9.0
only_tn,69420,564999,9.466666666666667
only_tn,69420,569999,9.4
only_tn,69420,574999,9.233333333333333
only_tn,69420,579999,9.266666666666667
only_tn,69420,584999,9.233333333333333
only_tn,69420,589999,9.333333333333334
only_tn,69420,594999,9.433333333333334
only_tn,69420,599999,9.366666666666667
only_tn,69420,604999,9.433333333333334
only_tn,69420,609999,9.066666666666666
only_tn,69420,614999,9.2
only_tn,69420,619999,9.466666666666667
only_tn,69420,624999,9.266666666666667
only_tn,69420,629999,9.5
only_tn,69420,634999,9.266666666666667
only_tn,69420,639999,9.133333333333333
only_tn,69420,644999,9.433333333333334
only_tn,69420,649999,9.466666666666667
only_tn,69420,654999,9.333333333333334
only_tn,69420,659999,11.866666666666667
only_tn,69420,664999,9.466666666666667
only_tn,69420,669999,9.3
only_tn,69420,674999,9.166666666666666
only_tn,69420,679999,9.633333333333333
only_tn,69420,684999,9.4
only_tn,69420,689999,9.366666666666667
only_tn,69420,694999,9.366666666666667
only_tn,69420,699999,9.3
only_tn,69420,704999,9.2
only_tn,69420,709999,9.166666666666666
only_tn,69420,714999,9.2
only_tn,69420,719999,9.2
only_tn,69420,724999,9.433333333333334
only_tn,69420,729999,9.366666666666667
only_tn,69420,734999,9.333333333333334
only_tn,69420,739999,9.366666666666667
only_tn,69420,744999,9.266666666666667
only_tn,69420,749999,9.233333333333333
only_tn,69420,754999,9.333333333333334
only_tn,69420,759999,9.133333333333333
only_tn,69420,764999,9.566666666666666
only_tn,69420,769999,9.1
only_tn,69420,774999,9.366666666666667
only_tn,69420,779999,9.266666666666667
only_tn,69420,784999,9.233333333333333
only_tn,69420,789999,9.433333333333334
only_tn,69420,794999,9.4
only_tn,69420,799999,9.4
only_tn,69420,804999,9.333333333333334
only_tn,69420,809999,9.533333333333333
only_tn,69420,814999,9.2
only_tn,69420,819999,9.466666666666667
only_tn,69420,824999,9.466666666666667
only_tn,69420,829999,9.3
only_tn,69420,834999,9.333333333333334
only_tn,69420,839999,9.366666666666667
only_tn,69420,844999,9.366666666666667
only_tn,69420,849999,9.266666666666667
only_tn,69420,854999,9.466666666666667
only_tn,69420,859999,9.366666666666667
only_tn,69420,864999,9.333333333333334
only_tn,69420,869999,9.366666666666667
only_tn,69420,874999,9.466666666666667
only_tn,69420,879999,9.466666666666667
only_tn,69420,884999,9.7
only_tn,69420,889999,9.3
only_tn,69420,894999,9.866666666666667
only_tn,69420,899999,9.433333333333334
only_tn,69420,904999,9.666666666666666
only_tn,69420,909999,9.366666666666667
only_tn,69420,914999,9.4
only_tn,69420,919999,9.4
only_tn,69420,924999,9.533333333333333
only_tn,69420,929999,9.533333333333333
only_tn,69420,934999,9.166666666666666
only_tn,69420,939999,9.333333333333334
only_tn,69420,944999,9.566666666666666
only_tn,69420,949999,9.6
only_tn,69420,954999,9.366666666666667
only_tn,69420,959999,9.533333333333333
only_tn,69420,964999,9.3
only_tn,69420,969999,9.566666666666666
only_tn,69420,974999,9.433333333333334
only_tn,69420,979999,9.5
only_tn,69420,984999,9.566666666666666
only_tn,69420,989999,9.466666666666667
only_tn,69420,994999,9.366666666666667
only_tn,69420,999999,9.066666666666666
only_tn,420,4999,10.133333333333333
only_tn,420,9999,9.366666666666667
only_tn,420,14999,9.3
only_tn,420,19999,10.766666666666667
only_tn,420,24999,10.066666666666666
only_tn,420,29999,9.266666666666667
only_tn,420,34999,14.9
only_tn,420,39999,9.466666666666667
only_tn,420,44999,9.466666666666667
only_tn,420,49999,9.233333333333333
only_tn,420,54999,9.4
only_tn,420,59999,9.333333333333334
only_tn,420,64999,9.333333333333334
only_tn,420,69999,9.533333333333333
only_tn,420,74999,66.63333333333334
only_tn,420,79999,9.466666666666667
only_tn,420,84999,9.366666666666667
only_tn,420,89999,9.366666666666667
only_tn,420,94999,9.2
only_tn,420,99999,9.166666666666666
only_tn,420,104999,9.3
only_tn,420,109999,9.266666666666667
only_tn,420,114999,9.2
only_tn,420,119999,9.366666666666667
only_tn,420,124999,9.3
only_tn,420,129999,9.533333333333333
only_tn,420,134999,9.333333333333334
only_tn,420,139999,9.366666666666667
only_tn,420,144999,9.366666666666667
only_tn,420,149999,9.433333333333334
only_tn,420,154999,9.166666666666666
only_tn,420,159999,9.333333333333334
only_tn,420,164999,9.4
only_tn,420,169999,9.333333333333334
only_tn,420,174999,9.433333333333334
only_tn,420,179999,9.366666666666667
only_tn,420,184999,9.333333333333334
only_tn,420,189999,9.466666666666667
only_tn,420,194999,9.066666666666666
only_tn,420,199999,9.3
only_tn,420,204999,9.4
only_tn,420,209999,9.2
only_tn,420,214999,9.366666666666667
only_tn,420,219999,9.266666666666667
only_tn,420,224999,9.133333333333333
only_tn,420,229999,9.233333333333333
only_tn,420,234999,9.4
only_tn,420,239999,9.3
only_tn,420,244999,9.566666666666666
only_tn,420,249999,9.5
only_tn,420,254999,9.433333333333334
only_tn,420,259999,9.233333333333333
only_tn,420,264999,9.366666666666667
only_tn,420,269999,9.333333333333334
only_tn,420,274999,9.533333333333333
only_tn,420,279999,9.366666666666667
only_tn,420,284999,9.4
only_tn,420,289999,9.366666666666667
only_tn,420,294999,9.433333333333334
only_tn,420,299999,9.4
only_tn,420,304999,9.533333333333333
only_tn,420,309999,9.3
only_tn,420,314999,9.533333333333333
only_tn,420,319999,9.433333333333334
only_tn,420,324999,9.533333333333333
only_tn,420,329999,9.666666666666666
only_tn,420,334999,9.533333333333333
only_tn,420,339999,9.333333333333334
only_tn,420,344999,9.266666666666667
only_tn,420,349999,9.333333333333334
only_tn,420,354999,9.2
only_tn,420,359999,9.433333333333334
only_tn,420,364999,9.466666666666667
only_tn,420,369999,20.4
only_tn,420,374999,9.333333333333334
only_tn,420,379999,9.4
only_tn,420,384999,9.3
only_tn,420,389999,9.366666666666667
only_tn,420,394999,9.5
only_tn,420,399999,9.266666666666667
only_tn,420,404999,9.4
only_tn,420,409999,9.433333333333334
only_tn,420,414999,9.6
only_tn,420,419999,9.4
only_tn,420,424999,9.333333333333334
only_tn,420,429999,9.333333333333334
only_tn,420,434999,9.2
only_tn,420,439999,9.4
only_tn,420,444999,9.1
only_tn,420,449999,9.466666666666667
only_tn,420,454999,9.366666666666667
only_tn,420,459999,9.333333333333334
only_tn,420,464999,9.566666666666666
only_tn,420,469999,9.3
only_tn,420,474999,9.266666666666667
only_tn,420,479999,9.366666666666667
only_tn,420,484999,9.266666666666667
only_tn,420,489999,9.466666666666667
only_tn,420,494999,9.4
only_tn,420,499999,9.3
only_tn,420,504999,9.5
only_tn,420,509999,9.366666666666667
only_tn,420,514999,9.266666666666667
only_tn,420,519999,9.266666666666667
only_tn,420,524999,9.333333333333334
only_tn,420,529999,9.333333333333334
only_tn,420,534999,9.2
only_tn,420,539999,9.2
only_tn,420,544999,9.333333333333334
only_tn,420,549999,9.466666666666667
only_tn,420,554999,9.866666666666667
only_tn,420,559999,9.366666666666667
only_tn,420,564999,9.3
only_tn,420,569999,9.166666666666666
only_tn,420,574999,9.033333333333333
only_tn,420,579999,9.466666666666667
only_tn,420,584999,9.533333333333333
only_tn,420,589999,9.2
only_tn,420,594999,9.433333333333334
only_tn,420,599999,9.166666666666666
only_tn,420,604999,9.433333333333334
only_tn,420,609999,9.3
only_tn,420,614999,9.333333333333334
only_tn,420,619999,9.333333333333334
only_tn,420,624999,9.566666666666666
only_tn,420,629999,9.466666666666667
only_tn,420,634999,9.066666666666666
only_tn,420,639999,9.666666666666666
only_tn,420,644999,9.366666666666667
only_tn,420,649999,9.466666666666667
only_tn,420,654999,9.466666666666667
only_tn,420,659999,9.4
only_tn,420,664999,9.366666666666667
only_tn,420,669999,9.266666666666667
only_tn,420,674999,9.266666666666667
only_tn,420,679999,9.2
only_tn,420,684999,9.2
only_tn,420,689999,9.333333333333334
only_tn,420,694999,9.4
only_tn,420,699999,9.366666666666667
only_tn,420,704999,9.4
only_tn,420,709999,8.933333333333334
only_tn,420,714999,9.4
only_tn,420,719999,9.3
only_tn,420,724999,9.233333333333333
only_tn,420,729999,9.266666666666667
only_tn,420,734999,9.466666666666667
only_tn,420,739999,9.266666666666667
only_tn,420,744999,9.433333333333334
only_tn,420,749999,9.133333333333333
only_tn,420,754999,9.233333333333333
only_tn,420,759999,9.566666666666666
only_tn,420,764999,9.333333333333334
only_tn,420,769999,9.366666666666667
only_tn,420,774999,9.133333333333333
only_tn,420,779999,9.3
only_tn,420,784999,9.333333333333334
only_tn,420,789999,9.566666666666666
only_tn,420,794999,9.366666666666667
only_tn,420,799999,9.333333333333334
only_tn,420,804999,9.566666666666666
only_tn,420,809999,9.5
only_tn,420,814999,9.466666666666667
only_tn,420,819999,9.233333333333333
only_tn,420,824999,9.366666666666667
only_tn,420,829999,9.366666666666667
only_tn,420,834999,9.2
only_tn,420,839999,9.333333333333334
only_tn,420,844999,9.5
only_tn,420,849999,9.466666666666667
only_tn,420,854999,9.433333333333334
only_tn,420,859999,9.233333333333333
only_tn,420,864999,9.366666666666667
only_tn,420,869999,9.6
only_tn,420,874999,9.5
only_tn,420,879999,9.266666666666667
only_tn,420,884999,9.366666666666667
only_tn,420,889999,9.166666666666666
only_tn,420,894999,9.166666666666666
only_tn,420,899999,9.166666666666666
only_tn,420,904999,9.3
only_tn,420,909999,9.2
only_tn,420,914999,9.2
only_tn,420,919999,9.433333333333334
only_tn,420,924999,9.5
only_tn,420,929999,9.466666666666667
only_tn,420,934999,9.233333333333333
only_tn,420,939999,9.2
only_tn,420,944999,9.533333333333333
only_tn,420,949999,9.233333333333333
only_tn,420,954999,9.5
only_tn,420,959999,9.333333333333334
only_tn,420,964999,9.433333333333334
only_tn,420,969999,9.366666666666667
only_tn,420,974999,9.466666666666667
only_tn,420,979999,9.366666666666667
only_tn,420,984999,9.466666666666667
only_tn,420,989999,9.333333333333334
only_tn,420,994999,9.2
only_tn,420,999999,9.433333333333334
naive,67,4999,49.7
naive,67,9999,73.86666666666666
naive,67,14999,205.23333333333332
naive,67,19999,348.56666666666666
naive,67,24999,381.3333333333333
naive,67,29999,500.0
naive,67,34999,325.6333333333333
naive,67,39999,223.16666666666666
naive,67,44999,498.1333333333333
naive,67,49999,498.0
naive,67,54999,266.8333333333333
naive,67,59999,500.0
naive,67,64999,500.0
naive,67,69999,500.0
naive,67,74999,500.0
naive,67,79999,500.0
naive,67,84999,500.0
naive,67,89999,500.0
naive,67,94999,500.0
naive,67,99999,318.3
naive,67,104999,458.5
naive,67,109999,424.43333333333334
naive,67,114999,297.23333333333335
naive,67,119999,500.0
naive,67,124999,382.3333333333333
naive,67,129999,363.8333333333333
naive,67,134999,500.0
naive,67,139999,500.0
naive,67,144999,500.0
naive,67,149999,413.26666666666665
naive,67,154999,382.5
naive,67,159999,463.26666666666665
naive,67,164999,369.96666666666664
naive,67,169999,189.23333333333332
naive,67,174999,305.3666666666667
naive,67,179999,500.0
naive,67,184999,279.93333333333334
naive,67,189999,500.0
naive,67,194999,500.0
naive,67,199999,500.0
naive,67,204999,500.0
naive,67,209999,500.0
naive,67,214999,500.0
naive,67,219999,500.0
naive,67,224999,94.16666666666667
naive,67,229999,500.0
naive,67,234999,500.0
naive,67,239999,214.33333333333334
naive,67,244999,201.7
naive,67,249999,200.73333333333332
naive,67,254999,500.0
naive,67,259999,500.0
naive,67,264999,500.0
naive,67,269999,500.0
naive,67,274999,500.0
naive,67,279999,500.0
naive,67,284999,500.0
naive,67,289999,500.0
naive,67,294999,500.0
naive,67,299999,500.0
naive,67,304999,364.56666666666666
naive,67,309999,500.0
naive,67,314999,269.56666666666666
naive,67,319999,419.1666666666667
naive,67,324999,220.26666666666668
naive,67,329999,500.0
naive,67,334999,500.0
naive,67,339999,500.0
naive,67,344999,500.0
naive,67,349999,500.0
naive,67,354999,500.0
naive,67,359999,500.0
naive,67,364999,500.0
naive,67,369999,500.0
naive,67,374999,321.46666666666664
naive,67,379999,500.0
naive,67,384999,500.0
naive,67,389999,500.0
naive,67,394999,500.0
naive,67,399999,285.4
naive,67,404999,500.0
naive,67,409999,500.0
naive,67,414999,500.0
naive,67,419999,500.0
naive,67,424999,266.26666666666665
naive,67,429999,500.0
naive,67,434999,500.0
naive,67,439999,500.0
naive,67,444999,500.0
naive,67,449999,500.0
naive,67,454999,500.0
naive,67,459999,500.0
naive,67,464999,500.0
naive,67,469999,500.0
naive,67,474999,500.0
naive,67,479999,500.0
naive,67,484999,500.0
naive,67,489999,500.0
naive,67,494999,500.0
naive,67,499999,500.0
naive,67,504999,500.0
naive,67,509999,500.0
naive,67,514999,500.0
naive,67,519999,312.1666666666667
naive,67,524999,491.1
naive,67,529999,500.0
naive,67,534999,500.0
naive,67,539999,500.0
naive,67,544999,500.0
naive,67,549999,500.0
naive,67,554999,500.0
naive,67,559999,500.0
naive,67,564999,500.0
naive,67,569999,500.0
naive,67,574999,500.0
naive,67,579999,500.0
naive,67,584999,500.0
naive,67,589999,500.0
naive,67,594999,500.0
naive,67,599999,500.0
naive,67,604999,162.1
naive,67,609999,280.03333333333336
naive,67,614999,349.53333333333336
naive,67,619999,500.0
naive,67,624999,500.0
naive,67,629999,500.0
naive,67,634999,500.0
naive,67,639999,326.5
naive,67,644999,243.93333333333334
naive,67,649999,436.93333333333334
naive,67,654999,500.0
naive,67,659999,379.7
naive,67,664999,247.43333333333334
naive,67,669999,500.0
naive,67,674999,500.0
naive,67,679999,500.0
naive,67,684999,172.56666666666666
naive,67,689999,130.4
naive,67,694999,220.96666666666667
naive,67,699999,500.0
naive,67,704999,500.0
naive,67,709999,500.0
naive,67,714999,181.4
naive,67,719999,127.06666666666666
naive,67,724999,146.83333333333334
naive,67,729999,500.0
naive,67,734999,170.3
naive,67,739999,190.93333333333334
naive,67,744999,500.0
naive,67,749999,500.0
naive,67,754999,99.23333333333333
naive,67,759999,500.0
naive,67,764999,500.0
naive,67,769999,500.0
naive,67,774999,500.0
naive,67,779999,500.0
naive,67,784999,500.0
naive,67,789999,447.53333333333336
naive,67,794999,274.5
naive,67,799999,500.0
naive,67,804999,500.0
naive,67,809999,500.0
naive,67,814999,254.66666666666666
naive,67,819999,500.0
naive,67,824999,500.0
naive,67,829999,500.0
naive,67,834999,500.0
naive,67,839999,500.0
naive,67,844999,500.0
naive,67,849999,500.0
naive,67,854999,500.0
naive,67,859999,500.0
naive,67,864999,500.0
naive,67,869999,500.0
naive,67,874999,500.0
naive,67,879999,500.0
naive,67,884999,391.3333333333333
naive,67,889999,500.0
naive,67,894999,500.0
naive,67,899999,500.0
naive,67,904999,500.0
naive,67,909999,71.16666666666667
naive,67,914999,343.1333333333333
naive,67,919999,392.46666666666664
naive,67,924999,500.0
naive,67,929999,500.0
naive,67,934999,500.0
naive,67,939999,500.0
naive,67,944999,500.0
naive,67,949999,500.0
naive,67,954999,500.0
naive,67,959999,222.16666666666666
naive,67,964999,231.8
naive,67,969999,500.0
naive,67,974999,358.3
naive,67,979999,500.0
naive,67,984999,500.0
naive,67,989999,500.0
naive,67,994999,500.0
naive,67,999999,500.0
naive,69420,4999,79.23333333333333
naive,69420,9999,85.0
naive,69420,14999,101.06666666666666
naive,69420,19999,59.06666666666667
naive,69420,24999,176.9
naive,69420,29999,168.46666666666667
naive,69420,34999,165.86666666666667
naive,69420,39999,360.8333333333333
naive,69420,44999,500.0
naive,69420,49999,242.76666666666668
naive,69420,54999,500.0
naive,69420,59999,500.0
naive,69420,64999,500.0
naive,69420,69999,347.1666666666667
naive,69420,74999,143.33333333333334
naive,69420,79999,172.86666666666667
naive,69420,84999,127.03333333333333
naive,69420,89999,218.06666666666666
naive,69420,94999,100.1
naive,69420,99999,500.0
naive,69420,104999,397.26666666666665
naive,69420,109999,500.0
naive,69420,114999,157.6
naive,69420,119999,500.0
naive,69420,124999,500.0
naive,69420,129999,497.1333333333333
naive,69420,134999,495.03333333333336
naive,69420,139999,358.2
naive,69420,144999,500.0
naive,69420,149999,500.0
naive,69420,154999,500.0
naive,69420,159999,500.0
naive,69420,164999,231.4
naive,69420,169999,104.6
naive,69420,174999,500.0
naive,69420,179999,500.0
naive,69420,184999,9.7
naive,69420,189999,500.0
naive,69420,194999,500.0
naive,69420,199999,500.0
naive,69420,204999,499.8666666666667
naive,69420,209999,500.0
naive,69420,214999,296.8333333333333
naive,69420,219999,500.0
naive,69420,224999,500.0
naive,69420,229999,98.7
naive,69420,234999,500.0
naive,69420,239999,500.0
naive,69420,244999,175.83333333333334
naive,69420,249999,242.36666666666667
naive,69420,254999,500.0
naive,69420,259999,499.76666666666665
naive,69420,264999,500.0
naive,69420,269999,500.0
naive,69420,274999,500.0
naive,69420,279999,101.3
naive,69420,284999,212.63333333333333
naive,69420,289999,500.0
naive,69420,294999,500.0
naive,69420,299999,500.0
naive,69420,304999,11.4
naive,69420,309999,500.0
naive,69420,314999,282.8
naive,69420,319999,392.0
naive,69420,324999,500.0
naive,69420,329999,500.0
naive,69420,334999,12.3
naive,69420,339999,479.1666666666667
naive,69420,344999,157.46666666666667
naive,69420,349999,500.0
naive,69420,354999,500.0
naive,69420,359999,500.0
naive,69420,364999,500.0
naive,69420,369999,500.0
naive,69420,374999,17.333333333333332
naive,69420,379999,500.0
naive,69420,384999,500.0
naive,69420,389999,118.23333333333333
naive,69420,394999,500.0
naive,69420,399999,500.0
naive,69420,404999,500.0
naive,69420,409999,425.2
naive,69420,414999,500.0
naive,69420,419999,346.96666666666664
naive,69420,424999,500.0
naive,69420,429999,500.0
naive,69420,434999,500.0
naive,69420,439999,500.0
naive,69420,444999,500.0
naive,69420,449999,500.0
naive,69420,454999,500.0
naive,69420,459999,500.0
naive,69420,464999,393.76666666666665
naive,69420,469999,178.13333333333333
naive,69420,474999,432.7
naive,69420,479999,237.53333333333333
naive,69420,484999,500.0
naive,69420,489999,500.0
naive,69420,494999,10.7
naive,69420,499999,130.6
naive,69420,504999,144.53333333333333
naive,69420,509999,191.53333333333333
naive,69420,514999,500.0
naive,69420,519999,500.0
naive,69420,524999,500.0
naive,69420,529999,500.0
naive,69420,534999,500.0
naive,69420,539999,500.0
naive,69420,544999,500.0
naive,69420,549999,500.0
naive,69420,554999,500.0
naive,69420,559999,174.6
naive,69420,564999,247.03333333333333
naive,69420,569999,500.0
naive,69420,574999,500.0
naive,69420,579999,500.0
naive,69420,584999,500.0
naive,69420,589999,500.0
naive,69420,594999,500.0
naive,69420,599999,500.0
naive,69420,604999,500.0
naive,69420,609999,500.0
naive,69420,614999,500.0
naive,69420,619999,500.0
naive,69420,624999,500.0
naive,69420,629999,500.0
naive,69420,634999,500.0
naive,69420,639999,500.0
naive,69420,644999,500.0
naive,69420,649999,500.0
naive,69420,654999,198.76666666666668
naive,69420,659999,193.13333333333333
naive,69420,664999,500.0
naive,69420,669999,500.0
naive,69420,674999,500.0
naive,69420,679999,500.0
naive,69420,684999,500.0
naive,69420,689999,500.0
naive,69420,694999,500.0
naive,69420,699999,500.0
naive,69420,704999,467.76666666666665
naive,69420,709999,500.0
naive,69420,714999,500.0
naive,69420,719999,500.0
naive,69420,724999,500.0
naive,69420,729999,500.0
naive,69420,734999,500.0
naive,69420,739999,135.66666666666666
naive,69420,744999,500.0
naive,69420,749999,500.0
naive,69420,754999,500.0
naive,69420,759999,500.0
naive,69420,764999,500.0
naive,69420,769999,311.96666666666664
naive,69420,774999,377.73333333333335
naive,69420,779999,500.0
naive,69420,784999,500.0
naive,69420,789999,500.0
naive,69420,794999,500.0
naive,69420,799999,494.8
naive,69420,804999,500.0
naive,69420,809999,500.0
naive,69420,814999,500.0
naive,69420,819999,500.0
naive,69420,824999,500.0
naive,69420,829999,496.53333333333336
naive,69420,834999,500.0
naive,69420,839999,500.0
naive,69420,844999,500.0
naive,69420,849999,500.0
naive,69420,854999,500.0
naive,69420,859999,500.0
naive,69420,864999,500.0
naive,69420,869999,500.0
naive,69420,874999,500.0
naive,69420,879999,500.0
naive,69420,884999,500.0
naive,69420,889999,500.0
naive,69420,894999,500.0
naive,69420,899999,500.0
naive,69420,904999,251.26666666666668
naive,69420,909999,156.1
naive,69420,914999,500.0
naive,69420,919999,500.0
naive,69420,924999,500.0
naive,69420,929999,500.0
naive,69420,934999,500.0
naive,69420,939999,500.0
naive,69420,944999,500.0
naive,69420,949999,500.0
naive,69420,954999,500.0
naive,69420,959999,500.0
naive,69420,964999,500.0
naive,69420,969999,500.0
naive,69420,974999,500.0
naive,69420,979999,500.0
naive,69420,984999,500.0
naive,69420,989999,500.0
naive,69420,994999,500.0
naive,69420,999999,500.0
naive,69,4999,22.733333333333334
naive,69,9999,166.26666666666668
naive,69,14999,274.1666666666667
naive,69,19999,480.53333333333336
naive,69,24999,490.7
naive,69,29999,498.3333333333333
naive,69,34999,450.03333333333336
naive,69,39999,356.56666666666666
naive,69,44999,500.0
naive,69,49999,500.0
naive,69,54999,500.0
naive,69,59999,500.0
naive,69,64999,499.7
naive,69,69999,418.96666666666664
naive,69,74999,500.0
naive,69,79999,136.66666666666666
naive,69,84999,229.06666666666666
naive,69,89999,500.0
naive,69,94999,493.76666666666665
naive,69,99999,500.0
naive,69,104999,500.0
naive,69,109999,500.0
naive,69,114999,500.0
naive,69,119999,500.0
naive,69,124999,500.0
naive,69,129999,500.0
naive,69,134999,500.0
naive,69,139999,299.0
naive,69,144999,445.8666666666667
naive,69,149999,500.0
naive,69,154999,390.56666666666666
naive,69,159999,500.0
naive,69,164999,467.3666666666667
naive,69,169999,500.0
naive,69,174999,364.0
naive,69,179999,500.0
naive,69,184999,111.7
naive,69,189999,147.13333333333333
naive,69,194999,500.0
naive,69,199999,408.03333333333336
naive,69,204999,191.23333333333332
naive,69,209999,475.8
naive,69,214999,500.0
naive,69,219999,500.0
naive,69,224999,500.0
naive,69,229999,500.0
naive,69,234999,500.0
naive,69,239999,500.0
naive,69,244999,500.0
naive,69,249999,500.0
naive,69,254999,500.0
naive,69,259999,90.43333333333334
naive,69,264999,500.0
naive,69,269999,500.0
naive,69,274999,500.0
naive,69,279999,500.0
naive,69,284999,500.0
naive,69,289999,500.0
naive,69,294999,500.0
naive,69,299999,500.0
naive,69,304999,500.0
naive,69,309999,500.0
naive,69,314999,500.0
naive,69,319999,500.0
naive,69,324999,500.0
naive,69,329999,500.0
naive,69,334999,500.0
naive,69,339999,334.96666666666664
naive,69,344999,330.2
naive,69,349999,351.06666666666666
naive,69,354999,350.76666666666665
naive,69,359999,500.0
naive,69,364999,500.0
naive,69,369999,500.0
naive,69,374999,500.0
naive,69,379999,500.0
naive,69,384999,500.0
naive,69,389999,239.63333333333333
naive,69,394999,500.0
naive,69,399999,15.366666666666667
naive,69,404999,134.33333333333334
naive,69,409999,500.0
naive,69,414999,500.0
naive,69,419999,500.0
naive,69,424999,500.0
naive,69,429999,500.0
naive,69,434999,500.0
naive,69,439999,500.0
naive,69,444999,500.0
naive,69,449999,500.0
naive,69,454999,500.0
naive,69,459999,500.0
naive,69,464999,500.0
naive,69,469999,500.0
naive,69,474999,500.0
naive,69,479999,500.0
naive,69,484999,500.0
naive,69,489999,500.0
naive,69,494999,500.0
naive,69,499999,500.0
naive,69,504999,500.0
naive,69,509999,500.0
naive,69,514999,490.26666666666665
naive,69,519999,500.0
naive,69,524999,500.0
naive,69,529999,500.0
naive,69,534999,364.06666666666666
naive,69,539999,500.0
naive,69,544999,465.96666666666664
naive,69,549999,500.0
naive,69,554999,500.0
naive,69,559999,500.0
naive,69,564999,500.0
naive,69,569999,500.0
naive,69,574999,423.0
naive,69,579999,227.8
naive,69,584999,500.0
naive,69,589999,479.6333333333333
naive,69,594999,128.16666666666666
naive,69,599999,227.3
naive,69,604999,500.0
naive,69,609999,500.0
naive,69,614999,500.0
naive,69,619999,365.56666666666666
naive,69,624999,180.26666666666668
naive,69,629999,183.73333333333332
naive,69,634999,500.0
naive,69,639999,500.0
naive,69,644999,33.166666666666664
naive,69,649999,78.13333333333334
naive,69,654999,500.0
naive,69,659999,500.0
naive,69,664999,500.0
naive,69,669999,500.0
naive,69,674999,500.0
naive,69,679999,500.0
naive,69,684999,500.0
naive,69,689999,500.0
naive,69,694999,500.0
naive,69,699999,500.0
naive,69,704999,500.0
naive,69,709999,500.0
naive,69,714999,500.0
naive,69,719999,500.0
naive,69,724999,500.0
naive,69,729999,500.0
naive,69,734999,500.0
naive,69,739999,323.9
naive,69,744999,287.8
naive,69,749999,500.0
naive,69,754999,500.0
naive,69,759999,500.0
naive,69,764999,500.0
naive,69,769999,474.56666666666666
naive,69,774999,362.23333333333335
naive,69,779999,205.3
naive,69,784999,500.0
naive,69,789999,500.0
naive,69,794999,500.0
naive,69,799999,500.0
naive,69,804999,500.0
naive,69,809999,500.0
naive,69,814999,500.0
naive,69,819999,500.0
naive,69,824999,500.0
naive,69,829999,500.0
naive,69,834999,500.0
naive,69,839999,500.0
naive,69,844999,500.0
naive,69,849999,500.0
naive,69,854999,497.53333333333336
naive,69,859999,316.53333333333336
naive,69,864999,199.56666666666666
naive,69,869999,500.0
naive,69,874999,500.0
naive,69,879999,500.0
naive,69,884999,500.0
naive,69,889999,500.0
naive,69,894999,500.0
naive,69,899999,500.0
naive,69,904999,500.0
naive,69,909999,500.0
naive,69,914999,500.0
naive,69,919999,500.0
naive,69,924999,500.0
naive,69,929999,500.0
naive,69,934999,500.0
naive,69,939999,500.0
naive,69,944999,500.0
naive,69,949999,235.73333333333332
naive,69,954999,500.0
naive,69,959999,500.0
naive,69,964999,500.0
naive,69,969999,452.2
naive,69,974999,238.43333333333334
naive,69,979999,485.93333333333334
naive,69,984999,500.0
naive,69,989999,500.0
naive,69,994999,358.76666666666665
naive,69,999999,235.53333333333333
naive,420,4999,32.06666666666667
naive,420,9999,93.03333333333333
naive,420,14999,164.0
naive,420,19999,224.6
naive,420,24999,37.766666666666666
naive,420,29999,439.53333333333336
naive,420,34999,157.5
naive,420,39999,451.23333333333335
naive,420,44999,500.0
naive,420,49999,500.0
naive,420,54999,500.0
naive,420,59999,500.0
naive,420,64999,331.96666666666664
naive,420,69999,500.0
naive,420,74999,500.0
naive,420,79999,500.0
naive,420,84999,500.0
naive,420,89999,483.73333333333335
naive,420,94999,500.0
naive,420,99999,500.0
naive,420,104999,500.0
naive,420,109999,500.0
naive,420,114999,500.0
naive,420,119999,500.0
naive,420,124999,500.0
naive,420,129999,500.0
naive,420,134999,500.0
naive,420,139999,500.0
naive,420,144999,500.0
naive,420,149999,500.0
naive,420,154999,500.0
naive,420,159999,500.0
naive,420,164999,500.0
naive,420,169999,209.9
naive,420,174999,186.6
naive,420,179999,497.0
naive,420,184999,500.0
naive,420,189999,500.0
naive,420,194999,500.0
naive,420,199999,384.0
naive,420,204999,487.3666666666667
naive,420,209999,500.0
naive,420,214999,500.0
naive,420,219999,500.0
naive,420,224999,500.0
naive,420,229999,500.0
naive,420,234999,438.43333333333334
naive,420,239999,451.5
naive,420,244999,500.0
naive,420,249999,500.0
naive,420,254999,500.0
naive,420,259999,430.46666666666664
naive,420,264999,221.93333333333334
naive,420,269999,164.8
naive,420,274999,500.0
naive,420,279999,500.0
naive,420,284999,500.0
naive,420,289999,397.5
naive,420,294999,220.53333333333333
naive,420,299999,500.0
naive,420,304999,500.0
naive,420,309999,500.0
naive,420,314999,500.0
naive,420,319999,500.0
naive,420,324999,491.23333333333335
naive,420,329999,500.0
naive,420,334999,500.0
naive,420,339999,222.6
naive,420,344999,443.03333333333336
naive,420,349999,500.0
naive,420,354999,500.0
naive,420,359999,500.0
naive,420,364999,500.0
naive,420,369999,245.43333333333334
naive,420,374999,372.3666666666667
naive,420,379999,492.8666666666667
naive,420,384999,500.0
naive,420,389999,500.0
naive,420,394999,500.0
naive,420,399999,500.0
naive,420,404999,242.9
naive,420,409999,281.53333333333336
naive,420,414999,194.43333333333334
naive,420,419999,397.73333333333335
naive,420,424999,500.0
naive,420,429999,500.0
naive,420,434999,402.4
naive,420,439999,500.0
naive,420,444999,500.0
naive,420,449999,500.0
naive,420,454999,500.0
naive,420,459999,260.1333333333333
naive,420,464999,500.0
naive,420,469999,500.0
naive,420,474999,500.0
naive,420,479999,500.0
naive,420,484999,500.0
naive,420,489999,500.0
naive,420,494999,500.0
naive,420,499999,500.0
naive,420,504999,500.0
naive,420,509999,500.0
naive,420,514999,489.46666666666664
naive,420,519999,500.0
naive,420,524999,500.0
naive,420,529999,500.0
naive,420,534999,500.0
naive,420,539999,500.0
naive,420,544999,500.0
naive,420,549999,500.0
naive,420,554999,500.0
naive,420,559999,500.0
naive,420,564999,500.0
naive,420,569999,111.66666666666667
naive,420,574999,367.8333333333333
naive,420,579999,500.0
naive,420,584999,500.0
naive,420,589999,500.0
naive,420,594999,500.0
naive,420,599999,500.0
naive,420,604999,500.0
naive,420,609999,500.0
naive,420,614999,500.0
naive,420,619999,500.0
naive,420,624999,500.0
naive,420,629999,144.2
naive,420,634999,500.0
naive,420,639999,500.0
naive,420,644999,121.9
naive,420,649999,175.46666666666667
naive,420,654999,500.0
naive,420,659999,500.0
naive,420,664999,500.0
naive,420,669999,500.0
naive,420,674999,500.0
naive,420,679999,500.0
naive,420,684999,500.0
naive,420,689999,249.53333333333333
naive,420,694999,500.0
naive,420,699999,500.0
naive,420,704999,500.0
naive,420,709999,159.93333333333334
naive,420,714999,378.8333333333333
naive,420,719999,126.23333333333333
naive,420,724999,155.06666666666666
naive,420,729999,500.0
naive,420,734999,500.0
naive,420,739999,500.0
naive,420,744999,500.0
naive,420,749999,500.0
naive,420,754999,500.0
naive,420,759999,500.0
naive,420,764999,500.0
naive,420,769999,500.0
naive,420,774999,500.0
naive,420,779999,198.46666666666667
naive,420,784999,281.2
naive,420,789999,167.86666666666667
naive,420,794999,500.0
naive,420,799999,320.76666666666665
naive,420,804999,500.0
naive,420,809999,500.0
naive,420,814999,500.0
naive,420,819999,462.1
naive,420,824999,222.6
naive,420,829999,221.06666666666666
naive,420,834999,500.0
naive,420,839999,500.0
naive,420,844999,180.73333333333332
naive,420,849999,500.0
naive,420,854999,500.0
naive,420,859999,500.0
naive,420,864999,500.0
naive,420,869999,500.0
naive,420,874999,500.0
naive,420,879999,500.0
naive,420,884999,500.0
naive,420,889999,500.0
naive,420,894999,500.0
naive,420,899999,130.03333333333333
naive,420,904999,127.76666666666667
naive,420,909999,500.0
naive,420,914999,500.0
naive,420,919999,500.0
naive,420,924999,500.0
naive,420,929999,500.0
naive,420,934999,500.0
naive,420,939999,500.0
naive,420,944999,500.0
naive,420,949999,500.0
naive,420,954999,500.0
naive,420,959999,500.0
naive,420,964999,500.0
naive,420,969999,500.0
naive,420,974999,500.0
naive,420,979999,207.63333333333333
naive,420,984999,500.0
naive,420,989999,500.0
naive,420,994999,500.0
naive,420,999999,500.0
naive,666,4999,64.66666666666667
naive,666,9999,137.86666666666667
naive,666,14999,191.03333333333333
naive,666,19999,253.86666666666667
naive,666,24999,266.8
naive,666,29999,348.8333333333333
naive,666,34999,329.8333333333333
naive,666,39999,413.1666666666667
naive,666,44999,500.0
naive,666,49999,500.0
naive,666,54999,500.0
naive,666,59999,500.0
naive,666,64999,500.0
naive,666,69999,500.0
naive,666,74999,500.0
naive,666,79999,500.0
naive,666,84999,500.0
naive,666,89999,146.26666666666668
naive,666,94999,500.0
naive,666,99999,500.0
naive,666,104999,500.0
naive,666,109999,139.23333333333332
naive,666,114999,247.76666666666668
naive,666,119999,500.0
naive,666,124999,500.0
naive,666,129999,500.0
naive,666,134999,230.63333333333333
naive,666,139999,136.9
naive,666,144999,435.5
naive,666,149999,385.06666666666666
naive,666,154999,500.0
naive,666,159999,106.26666666666667
naive,666,164999,500.0
naive,666,169999,500.0
naive,666,174999,500.0
naive,666,179999,500.0
naive,666,184999,500.0
naive,666,189999,500.0
naive,666,194999,500.0
naive,666,199999,115.53333333333333
naive,666,204999,145.33333333333334
naive,666,209999,370.3333333333333
naive,666,214999,500.0
naive,666,219999,118.03333333333333
naive,666,224999,479.03333333333336
naive,666,229999,500.0
naive,666,234999,127.2
naive,666,239999,210.26666666666668
naive,666,244999,500.0
naive,666,249999,500.0
naive,666,254999,183.63333333333333
naive,666,259999,500.0
naive,666,264999,500.0
naive,666,269999,500.0
naive,666,274999,500.0
naive,666,279999,500.0
naive,666,284999,500.0
naive,666,289999,500.0
naive,666,294999,500.0
naive,666,299999,500.0
naive,666,304999,500.0
naive,666,309999,500.0
naive,666,314999,500.0
naive,666,319999,500.0
naive,666,324999,351.8666666666667
naive,666,329999,500.0
naive,666,334999,500.0
naive,666,339999,500.0
naive,666,344999,321.7
naive,666,349999,500.0
naive,666,354999,496.3666666666667
naive,666,359999,500.0
naive,666,364999,500.0
naive,666,369999,500.0
naive,666,374999,500.0
naive,666,379999,500.0
naive,666,384999,500.0
naive,666,389999,500.0
naive,666,394999,500.0
naive,666,399999,500.0
naive,666,404999,500.0
naive,666,409999,500.0
naive,666,414999,500.0
naive,666,419999,500.0
naive,666,424999,500.0
naive,666,429999,500.0
naive,666,434999,500.0
naive,666,439999,500.0
naive,666,444999,326.6
naive,666,449999,494.23333333333335
naive,666,454999,447.93333333333334
naive,666,459999,500.0
naive,666,464999,98.03333333333333
naive,666,469999,500.0
naive,666,474999,500.0
naive,666,479999,500.0
naive,666,484999,500.0
naive,666,489999,500.0
naive,666,494999,500.0
naive,666,499999,500.0
naive,666,504999,500.0
naive,666,509999,500.0
naive,666,514999,500.0
naive,666,519999,500.0
naive,666,524999,188.6
naive,666,529999,500.0
naive,666,534999,500.0
naive,666,539999,500.0
naive,666,544999,500.0
naive,666,549999,500.0
naive,666,554999,500.0
naive,666,559999,500.0
naive,666,564999,500.0
naive,666,569999,148.26666666666668
naive,666,574999,105.96666666666667
naive,666,579999,500.0
naive,666,584999,500.0
naive,666,589999,413.76666666666665
naive,666,594999,500.0
naive,666,599999,9.7
naive,666,604999,500.0
naive,666,609999,500.0
naive,666,614999,500.0
naive,666,619999,500.0
naive,666,624999,500.0
naive,666,629999,500.0
naive,666,634999,500.0
naive,666,639999,500.0
naive,666,644999,500.0
naive,666,649999,500.0
naive,666,654999,199.6
naive,666,659999,500.0
naive,666,664999,500.0
naive,666,669999,500.0
naive,666,674999,500.0
naive,666,679999,500.0
naive,666,684999,500.0
naive,666,689999,500.0
naive,666,694999,500.0
naive,666,699999,500.0
naive,666,704999,500.0
naive,666,709999,500.0
naive,666,714999,434.46666666666664
naive,666,719999,500.0
naive,666,724999,500.0
naive,666,729999,500.0
naive,666,734999,500.0
naive,666,739999,500.0
naive,666,744999,500.0
naive,666,749999,500.0
naive,666,754999,500.0
naive,666,759999,500.0
naive,666,764999,500.0
naive,666,769999,500.0
naive,666,774999,500.0
naive,666,779999,500.0
naive,666,784999,500.0
naive,666,789999,132.76666666666668
naive,666,794999,500.0
naive,666,799999,500.0
naive,666,804999,500.0
naive,666,809999,500.0
naive,666,814999,500.0
naive,666,819999,500.0
naive,666,824999,500.0
naive,666,829999,500.0
naive,666,834999,500.0
naive,666,839999,500.0
naive,666,844999,500.0
naive,666,849999,374.03333333333336
naive,666,854999,500.0
naive,666,859999,500.0
naive,666,864999,500.0
naive,666,869999,500.0
naive,666,874999,500.0
naive,666,879999,242.16666666666666
naive,666,884999,500.0
naive,666,889999,500.0
naive,666,894999,500.0
naive,666,899999,500.0
naive,666,904999,500.0
naive,666,909999,500.0
naive,666,914999,500.0
naive,666,919999,500.0
naive,666,924999,500.0
naive,666,929999,500.0
naive,666,934999,290.4
naive,666,939999,500.0
naive,666,944999,500.0
naive,666,949999,500.0
naive,666,954999,500.0
naive,666,959999,500.0
naive,666,964999,500.0
naive,666,969999,500.0
naive,666,974999,500.0
naive,666,979999,132.86666666666667
naive,666,984999,334.0
naive,666,989999,295.6333333333333
naive,666,994999,309.46666666666664
naive,666,999999,500.0
tn_er,69420,4999,9.466666666666667
tn_er,69420,9999,9.5
tn_er,69420,14999,11.366666666666667
tn_er,69420,19999,19.9
tn_er,69420,24999,9.466666666666667
tn_er,69420,29999,9.666666666666666
tn_er,69420,34999,9.466666666666667
tn_er,69420,39999,10.833333333333334
tn_er,69420,44999,9.333333333333334
tn_er,69420,49999,10.466666666666667
tn_er,69420,54999,9.1
tn_er,69420,59999,10.166666666666666
tn_er,69420,64999,9.5
tn_er,69420,69999,10.666666666666666
tn_er,69420,74999,21.1
tn_er,69420,79999,9.3
tn_er,69420,84999,9.466666666666667
tn_er,69420,89999,9.566666666666666
tn_er,69420,94999,9.2
tn_er,69420,99999,9.266666666666667
tn_er,69420,104999,10.033333333333333
tn_er,69420,109999,9.4
tn_er,69420,114999,9.2
tn_er,69420,119999,17.3
tn_er,69420,124999,21.366666666666667
tn_er,69420,129999,10.366666666666667
tn_er,69420,134999,9.466666666666667
tn_er,69420,139999,9.466666666666667
tn_er,69420,144999,9.166666666666666
tn_er,69420,149999,9.3
tn_er,69420,154999,9.6
tn_er,69420,159999,10.633333333333333
tn_er,69420,164999,9.1
tn_er,69420,169999,9.866666666666667
tn_er,69420,174999,9.466666666666667
tn_er,69420,179999,10.133333333333333
tn_er,69420,184999,9.8
tn_er,69420,189999,9.2
tn_er,69420,194999,9.4
tn_er,69420,199999,9.033333333333333
tn_er,69420,204999,9.6
tn_er,69420,209999,9.8
tn_er,69420,214999,9.366666666666667
tn_er,69420,219999,9.166666666666666
tn_er,69420,224999,9.733333333333333
tn_er,69420,229999,9.466666666666667
tn_er,69420,234999,9.666666666666666
tn_er,69420,239999,10.866666666666667
tn_er,69420,244999,10.4
tn_er,69420,249999,9.466666666666667
tn_er,69420,254999,9.266666666666667
tn_er,69420,259999,9.833333333333334
tn_er,69420,264999,9.033333333333333
tn_er,69420,269999,10.5
tn_er,69420,274999,10.4
tn_er,69420,279999,10.466666666666667
tn_er,69420,284999,10.166666666666666
tn_er,69420,289999,9.533333333333333
tn_er,69420,294999,9.933333333333334
tn_er,69420,299999,9.733333333333333
tn_er,69420,304999,9.866666666666667
tn_er,69420,309999,9.5
tn_er,69420,314999,9.233333333333333
tn_er,69420,319999,10.0
tn_er,69420,324999,9.566666666666666
tn_er,69420,329999,9.366666666666667
tn_er,69420,334999,9.966666666666667
tn_er,69420,339999,10.1
tn_er,69420,344999,9.366666666666667
tn_er,69420,349999,10.633333333333333
tn_er,69420,354999,9.733333333333333
tn_er,69420,359999,9.966666666666667
tn_er,69420,364999,9.9
tn_er,69420,369999,9.166666666666666
tn_er,69420,374999,9.7
tn_er,69420,379999,9.9
tn_er,69420,384999,10.0
tn_er,69420,389999,10.4
tn_er,69420,394999,9.8
tn_er,69420,399999,10.033333333333333
tn_er,69420,404999,9.566666666666666
tn_er,69420,409999,9.533333333333333
tn_er,69420,414999,9.733333333333333
tn_er,69420,419999,9.766666666666667
tn_er,69420,424999,9.6
tn_er,69420,429999,9.666666666666666
tn_er,69420,434999,9.766666666666667
tn_er,69420,439999,10.033333333333333
tn_er,69420,444999,9.433333333333334
tn_er,69420,449999,9.766666666666667
tn_er,69420,454999,9.7
tn_er,69420,459999,9.266666666666667
tn_er,69420,464999,9.333333333333334
tn_er,69420,469999,9.333333333333334
tn_er,69420,474999,9.2
tn_er,69420,479999,9.733333333333333
tn_er,69420,484999,9.266666666666667
tn_er,69420,489999,8.933333333333334
tn_er,69420,494999,9.066666666666666
tn_er,69420,499999,9.3
tn_er,69420,504999,9.233333333333333
tn_er,69420,509999,9.266666666666667
tn_er,69420,514999,9.566666666666666
tn_er,69420,519999,9.766666666666667
tn_er,69420,524999,9.133333333333333
tn_er,69420,529999,9.3
tn_er,69420,534999,9.466666666666667
tn_er,69420,539999,9.866666666666667
tn_er,69420,544999,9.166666666666666
tn_er,69420,549999,9.433333333333334
tn_er,69420,554999,9.2
tn_er,69420,559999,9.266666666666667
tn_er,69420,564999,9.366666666666667
tn_er,69420,569999,9.433333333333334
tn_er,69420,574999,9.666666666666666
tn_er,69420,579999,9.266666666666667
tn_er,69420,584999,9.366666666666667
tn_er,69420,589999,9.666666666666666
tn_er,69420,594999,10.533333333333333
tn_er,69420,599999,9.266666666666667
tn_er,69420,604999,9.5
tn_er,69420,609999,9.7
tn_er,69420,614999,10.3
tn_er,69420,619999,9.466666666666667
tn_er,69420,624999,9.733333333333333
tn_er,69420,629999,9.6
tn_er,69420,634999,9.3
tn_er,69420,639999,9.5
tn_er,69420,644999,9.733333333333333
tn_er,69420,649999,10.233333333333333
tn_er,69420,654999,9.333333333333334
tn_er,69420,659999,9.633333333333333
tn_er,69420,664999,13.0
tn_er,69420,669999,9.333333333333334
tn_er,69420,674999,9.433333333333334
tn_er,69420,679999,9.166666666666666
tn_er,69420,684999,10.033333333333333
tn_er,69420,689999,9.433333333333334
tn_er,69420,694999,9.466666666666667
tn_er,69420,699999,10.366666666666667
tn_er,69420,704999,9.266666666666667
tn_er,69420,709999,13.566666666666666
tn_er,69420,714999,9.566666666666666
tn_er,69420,719999,10.233333333333333
tn_er,69420,724999,9.833333333333334
tn_er,69420,729999,10.0
tn_er,69420,734999,9.533333333333333
tn_er,69420,739999,9.966666666666667
tn_er,69420,744999,9.266666666666667
tn_er,69420,749999,9.666666666666666
tn_er,69420,754999,9.866666666666667
tn_er,69420,759999,9.433333333333334
tn_er,69420,764999,9.6
tn_er,69420,769999,9.266666666666667
tn_er,69420,774999,10.233333333333333
tn_er,69420,779999,9.9
tn_er,69420,784999,9.733333333333333
tn_er,69420,789999,9.4
tn_er,69420,794999,9.733333333333333
tn_er,69420,799999,9.933333333333334
tn_er,69420,804999,11.066666666666666
tn_er,69420,809999,9.333333333333334
tn_er,69420,814999,10.366666666666667
tn_er,69420,819999,9.533333333333333
tn_er,69420,824999,10.133333333333333
tn_er,69420,829999,9.633333333333333
tn_er,69420,834999,9.433333333333334
tn_er,69420,839999,9.5
tn_er,69420,844999,9.166666666666666
tn_er,69420,849999,9.133333333333333
tn_er,69420,854999,10.2
tn_er,69420,859999,9.6
tn_er,69420,864999,9.633333333333333
tn_er,69420,869999,9.633333333333333
tn_er,69420,874999,10.333333333333334
tn_er,69420,879999,9.633333333333333
tn_er,69420,884999,9.7
tn_er,69420,889999,10.066666666666666
tn_er,69420,894999,9.9
tn_er,69420,899999,9.466666666666667
tn_er,69420,904999,9.7
tn_er,69420,909999,9.366666666666667
tn_er,69420,914999,9.333333333333334
tn_er,69420,919999,9.633333333333333
tn_er,69420,924999,9.866666666666667
tn_er,69420,929999,10.6
tn_er,69420,934999,9.3
tn_er,69420,939999,8.9
tn_er,69420,944999,11.3
tn_er,69420,949999,9.466666666666667
tn_er,69420,954999,9.166666666666666
tn_er,69420,959999,9.3
tn_er,69420,964999,9.233333333333333
tn_er,69420,969999,10.233333333333333
tn_er,69420,974999,9.233333333333333
tn_er,69420,979999,9.433333333333334
tn_er,69420,984999,9.4
tn_er,69420,989999,9.466666666666667
tn_er,69420,994999,9.4
tn_er,69420,999999,10.1
tn_er,67,4999,21.066666666666666
tn_er,67,9999,27.1
tn_er,67,14999,25.4
tn_er,67,19999,27.966666666666665
tn_er,67,24999,20.166666666666668
tn_er,67,29999,25.233333333333334
tn_er,67,34999,28.666666666666668
tn_er,67,39999,23.3
tn_er,67,44999,36.96666666666667
tn_er,67,49999,27.466666666666665
tn_er,67,54999,23.9
tn_er,67,59999,24.333333333333332
tn_er,67,64999,26.6
tn_er,67,69999,25.733333333333334
tn_er,67,74999,23.166666666666668
tn_er,67,79999,24.733333333333334
tn_er,67,84999,19.6
tn_er,67,89999,27.0
tn_er,67,94999,25.1
tn_er,67,99999,23.8
tn_er,67,104999,23.166666666666668
tn_er,67,109999,25.3
tn_er,67,114999,23.966666666666665
tn_er,67,119999,32.766666666666666
tn_er,67,124999,23.8
tn_er,67,129999,23.8
tn_er,67,134999,19.733333333333334
tn_er,67,139999,22.6
tn_er,67,144999,24.533333333333335
tn_er,67,149999,26.0
tn_er,67,154999,29.166666666666668
tn_er,67,159999,27.9
tn_er,67,164999,21.433333333333334
tn_er,67,169999,27.333333333333332
tn_er,67,174999,22.266666666666666
tn_er,67,179999,23.466666666666665
tn_er,67,184999,27.066666666666666
tn_er,67,189999,23.633333333333333
tn_er,67,194999,26.766666666666666
tn_er,67,199999,24.233333333333334
tn_er,67,204999,25.7
tn_er,67,209999,23.966666666666665
tn_er,67,214999,22.666666666666668
tn_er,67,219999,21.7
tn_er,67,224999,27.1
tn_er,67,229999,26.3
tn_er,67,234999,25.966666666666665
tn_er,67,239999,26.466666666666665
tn_er,67,244999,29.2
tn_er,67,249999,26.133333333333333
tn_er,67,254999,25.2
tn_er,67,259999,23.6
tn_er,67,264999,26.666666666666668
tn_er,67,269999,22.766666666666666
tn_er,67,274999,27.933333333333334
tn_er,67,279999,30.3
tn_er,67,284999,24.266666666666666
tn_er,67,289999,26.166666666666668
tn_er,67,294999,25.633333333333333
tn_er,67,299999,25.066666666666666
tn_er,67,304999,21.433333333333334
tn_er,67,309999,32.266666666666666
tn_er,67,314999,25.366666666666667
tn_er,67,319999,23.233333333333334
tn_er,67,324999,26.666666666666668
tn_er,67,329999,23.566666666666666
tn_er,67,334999,23.8
tn_er,67,339999,22.633333333333333
tn_er,67,344999,25.733333333333334
tn_er,67,349999,23.733333333333334
tn_er,67,354999,24.533333333333335
tn_er,67,359999,24.833333333333332
tn_er,67,364999,25.033333333333335
tn_er,67,369999,23.866666666666667
tn_er,67,374999,25.033333333333335
tn_er,67,379999,26.733333333333334
tn_er,67,384999,25.333333333333332
tn_er,67,389999,24.066666666666666
tn_er,67,394999,25.466666666666665
tn_er,67,399999,26.033333333333335
tn_er,67,404999,28.033333333333335
tn_er,67,409999,24.8
tn_er,67,414999,26.433333333333334
tn_er,67,419999,27.266666666666666
tn_er,67,424999,25.4
tn_er,67,429999,23.6
tn_er,67,434999,24.866666666666667
tn_er,67,439999,25.533333333333335
tn_er,67,444999,24.333333333333332
tn_er,67,449999,29.3
tn_er,67,454999,23.2
tn_er,67,459999,24.433333333333334
tn_er,67,464999,25.733333333333334
tn_er,67,469999,25.366666666666667
tn_er,67,474999,25.533333333333335
tn_er,67,479999,23.9
tn_er,67,484999,25.4
tn_er,67,489999,24.333333333333332
tn_er,67,494999,25.7
tn_er,67,499999,23.733333333333334
tn_er,67,504999,27.5
tn_er,67,509999,26.533333333333335
tn_er,67,514999,25.466666666666665
tn_er,67,519999,26.033333333333335
tn_er,67,524999,25.0
tn_er,67,529999,23.466666666666665
tn_er,67,534999,25.8
tn_er,67,539999,25.6
tn_er,67,544999,24.8
tn_er,67,549999,26.466666666666665
tn_er,67,554999,23.9
tn_er,67,559999,23.566666666666666
tn_er,67,564999,23.466666666666665
tn_er,67,569999,23.333333333333332
tn_er,67,574999,26.7
tn_er,67,579999,25.8
tn_er,67,584999,23.2
tn_er,67,589999,22.533333333333335
tn_er,67,594999,22.066666666666666
tn_er,67,599999,23.6
tn_er,67,604999,25.1
tn_er,67,609999,25.8
tn_er,67,614999,24.733333333333334
tn_er,67,619999,23.833333333333332
tn_er,67,624999,26.266666666666666
tn_er,67,629999,25.633333333333333
tn_er,67,634999,24.833333333333332
tn_er,67,639999,25.733333333333334
tn_er,67,644999,24.233333333333334
tn_er,67,649999,26.433333333333334
tn_er,67,654999,26.466666666666665
tn_er,67,659999,25.6
tn_er,67,664999,26.066666666666666
tn_er,67,669999,23.0
tn_er,67,674999,24.733333333333334
tn_er,67,679999,25.966666666666665
tn_er,67,684999,24.233333333333334
tn_er,67,689999,24.233333333333334
tn_er,67,694999,25.766666666666666
tn_er,67,699999,25.966666666666665
tn_er,67,704999,23.3
tn_er,67,709999,24.833333333333332
tn_er,67,714999,25.566666666666666
tn_er,67,719999,24.866666666666667
tn_er,67,724999,24.933333333333334
tn_er,67,729999,25.533333333333335
tn_er,67,734999,26.2
tn_er,67,739999,24.4
tn_er,67,744999,23.7
tn_er,67,749999,24.9
tn_er,67,754999,24.833333333333332
tn_er,67,759999,25.466666666666665
tn_er,67,764999,25.7
tn_er,67,769999,26.033333333333335
tn_er,67,774999,23.733333333333334
tn_er,67,779999,25.533333333333335
tn_er,67,784999,20.233333333333334
tn_er,67,789999,24.233333333333334
tn_er,67,794999,23.366666666666667
tn_er,67,799999,23.4
tn_er,67,804999,24.166666666666668
tn_er,67,809999,25.066666666666666
tn_er,67,814999,26.2
tn_er,67,819999,24.2
tn_er,67,824999,24.733333333333334
tn_er,67,829999,24.566666666666666
tn_er,67,834999,25.3
tn_er,67,839999,23.933333333333334
tn_er,67,844999,25.633333333333333
tn_er,67,849999,24.4
tn_er,67,854999,25.666666666666668
tn_er,67,859999,24.6
tn_er,67,864999,23.933333333333334
tn_er,67,869999,26.5
tn_er,67,874999,24.4
tn_er,67,879999,24.566666666666666
tn_er,67,884999,25.766666666666666
tn_er,67,889999,22.6
tn_er,67,894999,25.566666666666666
tn_er,67,899999,23.7
tn_er,67,904999,24.933333333333334
tn_er,67,909999,25.0
tn_er,67,914999,25.133333333333333
tn_er,67,919999,24.4
tn_er,67,924999,24.433333333333334
tn_er,67,929999,25.7
tn_er,67,934999,23.833333333333332
tn_er,67,939999,23.766666666666666
tn_er,67,944999,25.6
tn_er,67,949999,26.166666666666668
tn_er,67,954999,24.5
tn_er,67,959999,23.966666666666665
tn_er,67,964999,26.4
tn_er,67,969999,24.033333333333335
tn_er,67,974999,25.4
tn_er,67,979999,26.066666666666666
tn_er,67,984999,24.2
tn_er,67,989999,24.4
tn_er,67,994999,24.733333333333334
tn_er,67,999999,25.033333333333335
tn_er,666,4999,9.233333333333333
tn_er,666,9999,9.266666666666667
tn_er,666,14999,9.333333333333334
tn_er,666,19999,9.433333333333334
tn_er,666,24999,9.466666666666667
tn_er,666,29999,9.233333333333333
tn_er,666,34999,9.533333333333333
tn_er,666,39999,9.4
tn_er,666,44999,9.3
tn_er,666,49999,9.266666666666667
tn_er,666,54999,9.3
tn_er,666,59999,9.6
tn_er,666,64999,9.3
tn_er,666,69999,9.1
tn_er,666,74999,9.633333333333333
tn_er,666,79999,9.1
tn_er,666,84999,9.266666666666667
tn_er,666,89999,9.266666666666667
tn_er,666,94999,9.233333333333333
tn_er,666,99999,9.633333333333333
tn_er,666,104999,9.333333333333334
tn_er,666,109999,9.4
tn_er,666,114999,9.3
tn_er,666,119999,9.366666666666667
tn_er,666,124999,9.566666666666666
tn_er,666,129999,9.3
tn_er,666,134999,9.266666666666667
tn_er,666,139999,9.366666666666667
tn_er,666,144999,9.2
tn_er,666,149999,9.3
tn_er,666,154999,9.2
tn_er,666,159999,9.6
tn_er,666,164999,9.4
tn_er,666,169999,9.333333333333334
tn_er,666,174999,9.5
tn_er,666,179999,9.4
tn_er,666,184999,9.233333333333333
tn_er,666,189999,9.633333333333333
tn_er,666,194999,9.233333333333333
tn_er,666,199999,9.3
tn_er,666,204999,9.333333333333334
tn_er,666,209999,9.166666666666666
tn_er,666,214999,9.4
tn_er,666,219999,9.3
tn_er,666,224999,9.333333333333334
tn_er,666,229999,9.033333333333333
tn_er,666,234999,9.166666666666666
tn_er,666,239999,9.2
tn_er,666,244999,9.233333333333333
tn_er,666,249999,9.4
tn_er,666,254999,9.433333333333334
tn_er,666,259999,9.466666666666667
tn_er,666,264999,9.366666666666667
tn_er,666,269999,9.266666666666667
tn_er,666,274999,9.333333333333334
tn_er,666,279999,9.4
tn_er,666,284999,9.533333333333333
tn_er,666,289999,9.233333333333333
tn_er,666,294999,9.333333333333334
tn_er,666,299999,9.433333333333334
tn_er,666,304999,9.266666666666667
tn_er,666,309999,9.533333333333333
tn_er,666,314999,9.233333333333333
tn_er,666,319999,9.133333333333333
tn_er,666,324999,9.2
tn_er,666,329999,9.333333333333334
tn_er,666,334999,9.2
tn_er,666,339999,9.4
tn_er,666,344999,9.533333333333333
tn_er,666,349999,9.566666666666666
tn_er,666,354999,9.266666666666667
tn_er,666,359999,9.366666666666667
tn_er,666,364999,9.333333333333334
tn_er,666,369999,9.366666666666667
tn_er,666,374999,9.433333333333334
tn_er,666,379999,9.466666666666667
tn_er,666,384999,9.266666666666667
tn_er,666,389999,9.566666666666666
tn_er,666,394999,9.466666666666667
tn_er,666,399999,9.1
tn_er,666,404999,9.466666666666667
tn_er,666,409999,9.166666666666666
tn_er,666,414999,9.333333333333334
tn_er,666,419999,9.133333333333333
tn_er,666,424999,9.333333333333334
tn_er,666,429999,9.166666666666666
tn_er,666,434999,9.266666666666667
tn_er,666,439999,9.5
tn_er,666,444999,9.333333333333334
tn_er,666,449999,9.433333333333334
tn_er,666,454999,9.533333333333333
tn_er,666,459999,9.333333333333334
tn_er,666,464999,9.133333333333333
tn_er,666,469999,9.3
tn_er,666,474999,9.233333333333333
tn_er,666,479999,9.466666666666667
tn_er,666,484999,9.566666666666666
tn_er,666,489999,9.366666666666667
tn_er,666,494999,9.2
tn_er,666,499999,9.366666666666667
tn_er,666,504999,9.4
tn_er,666,509999,9.233333333333333
tn_er,666,514999,9.266666666666667
tn_er,666,519999,9.533333333333333
tn_er,666,524999,9.4
tn_er,666,529999,9.333333333333334
tn_er,666,534999,9.533333333333333
tn_er,666,539999,9.333333333333334
tn_er,666,544999,9.366666666666667
tn_er,666,549999,9.2
tn_er,666,554999,9.333333333333334
tn_er,666,559999,9.333333333333334
tn_er,666,564999,9.4
tn_er,666,569999,9.633333333333333
tn_er,666,574999,9.4
tn_er,666,579999,9.166666666666666
tn_er,666,584999,9.233333333333333
tn_er,666,589999,9.233333333333333
tn_er,666,594999,9.333333333333334
tn_er,666,599999,9.433333333333334
tn_er,666,604999,9.433333333333334
tn_er,666,609999,9.3
tn_er,666,614999,9.433333333333334
tn_er,666,619999,9.433333333333334
tn_er,666,624999,9.366666666666667
tn_er,666,629999,9.433333333333334
tn_er,666,634999,9.433333333333334
tn_er,666,639999,9.333333333333334
tn_er,666,644999,9.5
tn_er,666,649999,9.233333333333333
tn_er,666,654999,9.266666666666667
tn_er,666,659999,9.466666666666667
tn_er,666,664999,9.533333333333333
tn_er,666,669999,9.433333333333334
tn_er,666,674999,9.2
tn_er,666,679999,9.4
tn_er,666,684999,9.266666666666667
tn_er,666,689999,9.566666666666666
tn_er,666,694999,9.266666666666667
tn_er,666,699999,9.4
tn_er,666,704999,9.3
tn_er,666,709999,9.366666666666667
tn_er,666,714999,9.433333333333334
tn_er,666,719999,9.266666666666667
tn_er,666,724999,9.4
tn_er,666,729999,9.3
tn_er,666,734999,9.333333333333334
tn_er,666,739999,9.3
tn_er,666,744999,9.466666666666667
tn_er,666,749999,9.566666666666666
tn_er,666,754999,9.466666666666667
tn_er,666,759999,9.333333333333334
tn_er,666,764999,9.333333333333334
tn_er,666,769999,9.4
tn_er,666,774999,9.5
tn_er,666,779999,9.166666666666666
tn_er,666,784999,9.2
tn_er,666,789999,9.2
tn_er,666,794999,9.5
tn_er,666,799999,9.466666666666667
tn_er,666,804999,9.4
tn_er,666,809999,9.133333333333333
tn_er,666,814999,9.166666666666666
tn_er,666,819999,9.233333333333333
tn_er,666,824999,9.533333333333333
tn_er,666,829999,9.4
tn_er,666,834999,9.3
tn_er,666,839999,9.5
tn_er,666,844999,9.166666666666666
tn_er,666,849999,9.4
tn_er,666,854999,9.4
tn_er,666,859999,9.333333333333334
tn_er,666,864999,9.266666666666667
tn_er,666,869999,9.366666666666667
tn_er,666,874999,9.3
tn_er,666,879999,9.6
tn_er,666,884999,9.2
tn_er,666,889999,9.4
tn_er,666,894999,9.233333333333333
tn_er,666,899999,9.433333333333334
tn_er,666,904999,9.366666666666667
tn_er,666,909999,9.133333333333333
tn_er,666,914999,9.433333333333334
tn_er,666,919999,9.266666666666667
tn_er,666,924999,9.166666666666666
tn_er,666,929999,9.466666666666667
tn_er,666,934999,9.233333333333333
tn_er,666,939999,9.566666666666666
tn_er,666,944999,9.433333333333334
tn_er,666,949999,9.266666666666667
tn_er,666,954999,9.6
tn_er,666,959999,9.433333333333334
tn_er,666,964999,9.233333333333333
tn_er,666,969999,9.4
tn_er,666,974999,9.333333333333334
tn_er,666,979999,9.3
tn_er,666,984999,9.2
tn_er,666,989999,9.1
tn_er,666,994999,9.4
tn_er,666,999999,9.4
tn_er,420,4999,9.1
tn_er,420,9999,9.2
tn_er,420,14999,9.366666666666667
tn_er,420,19999,9.433333333333334
tn_er,420,24999,9.466666666666667
tn_er,420,29999,9.4
tn_er,420,34999,9.433333333333334
tn_er,420,39999,9.6
tn_er,420,44999,9.333333333333334
tn_er,420,49999,9.266666666666667
tn_er,420,54999,9.266666666666667
tn_er,420,59999,9.633333333333333
tn_er,420,64999,9.2
tn_er,420,69999,9.333333333333334
tn_er,420,74999,9.333333333333334
tn_er,420,79999,9.233333333333333
tn_er,420,84999,9.1
tn_er,420,89999,9.5
tn_er,420,94999,9.433333333333334
tn_er,420,99999,9.033333333333333
tn_er,420,104999,9.266666666666667
tn_er,420,109999,9.2
tn_er,420,114999,9.3
tn_er,420,119999,9.2
tn_er,420,124999,9.433333333333334
tn_er,420,129999,9.4
tn_er,420,134999,9.4
tn_er,420,139999,9.033333333333333
tn_er,420,144999,9.633333333333333
tn_er,420,149999,9.533333333333333
tn_er,420,154999,9.333333333333334
tn_er,420,159999,9.366666666666667
tn_er,420,164999,9.3
tn_er,420,169999,9.3
tn_er,420,174999,9.166666666666666
tn_er,420,179999,9.366666666666667
tn_er,420,184999,9.466666666666667
tn_er,420,189999,9.3
tn_er,420,194999,9.4
tn_er,420,199999,9.333333333333334
tn_er,420,204999,9.433333333333334
tn_er,420,209999,9.366666666666667
tn_er,420,214999,9.5
tn_er,420,219999,9.433333333333334
tn_er,420,224999,9.4
tn_er,420,229999,9.333333333333334
tn_er,420,234999,9.5
tn_er,420,239999,9.5
tn_er,420,244999,9.4
tn_er,420,249999,9.366666666666667
tn_er,420,254999,9.466666666666667
tn_er,420,259999,9.333333333333334
tn_er,420,264999,9.366666666666667
tn_er,420,269999,9.333333333333334
tn_er,420,274999,9.433333333333334
tn_er,420,279999,9.266666666666667
tn_er,420,284999,9.466666666666667
tn_er,420,289999,9.133333333333333
tn_er,420,294999,9.233333333333333
tn_er,420,299999,9.433333333333334
tn_er,420,304999,9.333333333333334
tn_er,420,309999,9.266666666666667
tn_er,420,314999,9.3
tn_er,420,319999,9.5
tn_er,420,324999,9.533333333333333
tn_er,420,329999,9.433333333333334
tn_er,420,334999,9.5
tn_er,420,339999,9.266666666666667
tn_er,420,344999,9.366666666666667
tn_er,420,349999,9.333333333333334
tn_er,420,354999,9.6
tn_er,420,359999,9.8
tn_er,420,364999,9.466666666666667
tn_er,420,369999,9.433333333333334
tn_er,420,374999,9.266666666666667
tn_er,420,379999,9.033333333333333
tn_er,420,384999,9.433333333333334
tn_er,420,389999,9.266666666666667
tn_er,420,394999,9.3
tn_er,420,399999,9.4
tn_er,420,404999,9.2
tn_er,420,409999,9.4
tn_er,420,414999,9.233333333333333
tn_er,420,419999,9.266666666666667
tn_er,420,424999,9.6
tn_er,420,429999,9.5
tn_er,420,434999,9.366666666666667
tn_er,420,439999,9.233333333333333
tn_er,420,444999,9.3
tn_er,420,449999,9.5
tn_er,420,454999,9.5
tn_er,420,459999,9.466666666666667
tn_er,420,464999,9.133333333333333
tn_er,420,469999,9.566666666666666
tn_er,420,474999,9.466666666666667
tn_er,420,479999,9.233333333333333
tn_er,420,484999,9.433333333333334
tn_er,420,489999,9.333333333333334
tn_er,420,494999,9.233333333333333
tn_er,420,499999,9.4
tn_er,420,504999,9.366666666666667
tn_er,420,509999,9.466666666666667
tn_er,420,514999,9.2
tn_er,420,519999,9.4
tn_er,420,524999,9.7
tn_er,420,529999,9.3
tn_er,420,534999,9.5
tn_er,420,539999,9.266666666666667
tn_er,420,544999,9.2
tn_er,420,549999,9.466666666666667
tn_er,420,554999,9.666666666666666
tn_er,420,559999,9.3
tn_er,420,564999,9.3
tn_er,420,569999,8.833333333333334
tn_er,420,574999,9.333333333333334
tn_er,420,579999,9.233333333333333
tn_er,420,584999,9.333333333333334
tn_er,420,589999,9.2
tn_er,420,594999,9.2
tn_er,420,599999,9.366666666666667
tn_er,420,604999,9.4
tn_er,420,609999,9.333333333333334
tn_er,420,614999,9.233333333333333
tn_er,420,619999,9.6
tn_er,420,624999,9.233333333333333
tn_er,420,629999,9.6
tn_er,420,634999,9.433333333333334
tn_er,420,639999,9.166666666666666
tn_er,420,644999,9.5
tn_er,420,649999,9.233333333333333
tn_er,420,654999,9.233333333333333
tn_er,420,659999,9.566666666666666
tn_er,420,664999,9.4
tn_er,420,669999,9.333333333333334
tn_er,420,674999,9.366666666666667
tn_er,420,679999,9.4
tn_er,420,684999,23.866666666666667
tn_er,420,689999,9.566666666666666
tn_er,420,694999,9.566666666666666
tn_er,420,699999,9.3
tn_er,420,704999,9.133333333333333
tn_er,420,709999,9.3
tn_er,420,714999,9.366666666666667
tn_er,420,719999,9.3
tn_er,420,724999,9.3
tn_er,420,729999,9.366666666666667
tn_er,420,734999,9.133333333333333
tn_er,420,739999,9.2
tn_er,420,744999,9.066666666666666
tn_er,420,749999,9.266666666666667
tn_er,420,754999,9.233333333333333
tn_er,420,759999,9.566666666666666
tn_er,420,764999,9.266666666666667
tn_er,420,769999,9.266666666666667
tn_er,420,774999,9.366666666666667
tn_er,420,779999,9.4
tn_er,420,784999,9.5
tn_er,420,789999,9.133333333333333
tn_er,420,794999,9.533333333333333
tn_er,420,799999,9.433333333333334
tn_er,420,804999,9.533333333333333
tn_er,420,809999,9.366666666666667
tn_er,420,814999,9.366666666666667
tn_er,420,819999,9.433333333333334
tn_er,420,824999,9.433333333333334
tn_er,420,829999,9.5
tn_er,420,834999,9.6
tn_er,420,839999,9.333333333333334
tn_er,420,844999,9.166666666666666
tn_er,420,849999,9.5
tn_er,420,854999,9.433333333333334
tn_er,420,859999,9.4
tn_er,420,864999,9.3
tn_er,420,869999,9.333333333333334
tn_er,420,874999,9.366666666666667
tn_er,420,879999,9.333333333333334
tn_er,420,884999,9.5
tn_er,420,889999,9.6
tn_er,420,894999,9.233333333333333
tn_er,420,899999,9.2
tn_er,420,904999,9.333333333333334
tn_er,420,909999,9.466666666666667
tn_er,420,914999,9.533333333333333
tn_er,420,919999,9.3
tn_er,420,924999,9.3
tn_er,420,929999,9.4
tn_er,420,934999,9.633333333333333
tn_er,420,939999,9.3
tn_er,420,944999,9.4
tn_er,420,949999,9.4
tn_er,420,954999,9.1
tn_er,420,959999,9.233333333333333
tn_er,420,964999,9.366666666666667
tn_er,420,969999,9.4
tn_er,420,974999,9.366666666666667
tn_er,420,979999,9.533333333333333
tn_er,420,984999,9.3
tn_er,420,989999,9.566666666666666
tn_er,420,994999,9.5
tn_er,420,999999,9.3
tn_er,69,4999,9.2
tn_er,69,9999,9.466666666666667
tn_er,69,14999,9.433333333333334
tn_er,69,19999,9.4
tn_er,69,24999,9.266666666666667
tn_er,69,29999,9.466666666666667
tn_er,69,34999,9.266666666666667
tn_er,69,39999,9.566666666666666
tn_er,69,44999,9.333333333333334
tn_er,69,49999,9.5
tn_er,69,54999,9.433333333333334
tn_er,69,59999,9.666666666666666
tn_er,69,64999,9.466666666666667
tn_er,69,69999,9.333333333333334
tn_er,69,74999,9.4
tn_er,69,79999,9.433333333333334
tn_er,69,84999,9.366666666666667
tn_er,69,89999,9.266666666666667
tn_er,69,94999,9.433333333333334
tn_er,69,99999,9.633333333333333
tn_er,69,104999,9.366666666666667
tn_er,69,109999,9.233333333333333
tn_er,69,114999,9.466666666666667
tn_er,69,119999,9.5
tn_er,69,124999,9.2
tn_er,69,129999,9.233333333333333
tn_er,69,134999,9.233333333333333
tn_er,69,139999,9.3
tn_er,69,144999,9.3
tn_er,69,149999,9.466666666666667
tn_er,69,154999,9.4
tn_er,69,159999,9.5
tn_er,69,164999,9.0
tn_er,69,169999,9.2
tn_er,69,174999,9.333333333333334
tn_er,69,179999,9.066666666666666
tn_er,69,184999,9.566666666666666
tn_er,69,189999,9.466666666666667
tn_er,69,194999,9.366666666666667
tn_er,69,199999,9.333333333333334
tn_er,69,204999,9.5
tn_er,69,209999,9.433333333333334
tn_er,69,214999,9.266666666666667
tn_er,69,219999,9.366666666666667
tn_er,69,224999,9.5
tn_er,69,229999,9.2
tn_er,69,234999,9.333333333333334
tn_er,69,239999,9.5
tn_er,69,244999,8.933333333333334
tn_er,69,249999,9.4
tn_er,69,254999,9.133333333333333
tn_er,69,259999,9.466666666666667
tn_er,69,264999,9.2
tn_er,69,269999,9.266666666666667
tn_er,69,274999,9.466666666666667
tn_er,69,279999,9.366666666666667
tn_er,69,284999,9.433333333333334
tn_er,69,289999,9.333333333333334
tn_er,69,294999,9.5
tn_er,69,299999,9.266666666666667
tn_er,69,304999,9.266666666666667
tn_er,69,309999,9.5
tn_er,69,314999,9.266666666666667
tn_er,69,319999,9.366666666666667
tn_er,69,324999,9.466666666666667
tn_er,69,329999,9.366666666666667
tn_er,69,334999,9.366666666666667
tn_er,69,339999,8.966666666666667
tn_er,69,344999,9.366666666666667
tn_er,69,349999,9.433333333333334
tn_er,69,354999,9.466666666666667
tn_er,69,359999,9.233333333333333
tn_er,69,364999,9.466666666666667
tn_er,69,369999,9.3
tn_er,69,374999,9.366666666666667
tn_er,69,379999,9.4
tn_er,69,384999,9.466666666666667
tn_er,69,389999,9.266666666666667
tn_er,69,394999,9.4
tn_er,69,399999,9.166666666666666
tn_er,69,404999,9.3
tn_er,69,409999,9.4
tn_er,69,414999,9.466666666666667
tn_er,69,419999,9.266666666666667
tn_er,69,424999,9.466666666666667
tn_er,69,429999,9.366666666666667
tn_er,69,434999,9.466666666666667
tn_er,69,439999,9.4
tn_er,69,444999,9.233333333333333
tn_er,69,449999,9.466666666666667
tn_er,69,454999,9.333333333333334
tn_er,69,459999,9.366666666666667
tn_er,69,464999,9.3
tn_er,69,469999,9.5
tn_er,69,474999,9.366666666666667
tn_er,69,479999,9.433333333333334
tn_er,69,484999,9.5
tn_er,69,489999,9.2
tn_er,69,494999,9.5
tn_er,69,499999,9.4
tn_er,69,504999,9.333333333333334
tn_er,69,509999,9.466666666666667
tn_er,69,514999,9.333333333333334
tn_er,69,519999,9.233333333333333
tn_er,69,524999,9.4
tn_er,69,529999,9.333333333333334
tn_er,69,534999,9.3
tn_er,69,539999,9.533333333333333
tn_er,69,544999,9.633333333333333
tn_er,69,549999,9.166666666666666
tn_er,69,554999,9.4
tn_er,69,559999,9.533333333333333
tn_er,69,564999,9.1
tn_er,69,569999,9.3
tn_er,69,574999,9.466666666666667
tn_er,69,579999,9.266666666666667
tn_er,69,584999,9.5
tn_er,69,589999,9.4
tn_er,69,594999,9.433333333333334
tn_er,69,599999,9.466666666666667
tn_er,69,604999,9.433333333333334
tn_er,69,609999,9.166666666666666
tn_er,69,614999,9.2
tn_er,69,619999,9.466666666666667
tn_er,69,624999,9.433333333333334
tn_er,69,629999,9.266666666666667
tn_er,69,634999,9.433333333333334
tn_er,69,639999,9.366666666666667
tn_er,69,644999,9.333333333333334
tn_er,69,649999,9.5
tn_er,69,654999,9.333333333333334
tn_er,69,659999,9.5
tn_er,69,664999,9.266666666666667
tn_er,69,669999,9.366666666666667
tn_er,69,674999,9.4
tn_er,69,679999,9.6
tn_er,69,684999,9.166666666666666
tn_er,69,689999,9.166666666666666
tn_er,69,694999,9.333333333333334
tn_er,69,699999,9.5
tn_er,69,704999,9.4
tn_er,69,709999,9.3
tn_er,69,714999,9.433333333333334
tn_er,69,719999,9.666666666666666
tn_er,69,724999,9.433333333333334
tn_er,69,729999,9.366666666666667
tn_er,69,734999,9.0
tn_er,69,739999,9.433333333333334
tn_er,69,744999,9.466666666666667
tn_er,69,749999,9.433333333333334
tn_er,69,754999,9.466666666666667
tn_er,69,759999,9.4
tn_er,69,764999,9.133333333333333
tn_er,69,769999,9.4
tn_er,69,774999,9.233333333333333
tn_er,69,779999,9.5
tn_er,69,784999,9.233333333333333
tn_er,69,789999,9.166666666666666
tn_er,69,794999,9.5
tn_er,69,799999,9.5
tn_er,69,804999,9.5
tn_er,69,809999,9.266666666666667
tn_er,69,814999,9.4
tn_er,69,819999,9.366666666666667
tn_er,69,824999,9.266666666666667
tn_er,69,829999,9.533333333333333
tn_er,69,834999,9.366666666666667
tn_er,69,839999,9.166666666666666
tn_er,69,844999,9.633333333333333
tn_er,69,849999,9.466666666666667
tn_er,69,854999,9.166666666666666
tn_er,69,859999,9.233333333333333
tn_er,69,864999,9.3
tn_er,69,869999,9.2
tn_er,69,874999,9.533333333333333
tn_er,69,879999,9.3
tn_er,69,884999,9.466666666666667
tn_er,69,889999,9.3
tn_er,69,894999,9.033333333333333
tn_er,69,899999,9.433333333333334
tn_er,69,904999,9.333333333333334
tn_er,69,909999,9.033333333333333
tn_er,69,914999,9.333333333333334
tn_er,69,919999,9.333333333333334
tn_er,69,924999,9.333333333333334
tn_er,69,929999,9.366666666666667
tn_er,69,934999,9.266666666666667
tn_er,69,939999,9.3
tn_er,69,944999,9.2
tn_er,69,949999,9.433333333333334
tn_er,69,954999,9.3
tn_er,69,959999,9.433333333333334
tn_er,69,964999,9.333333333333334
tn_er,69,969999,9.133333333333333
tn_er,69,974999,9.433333333333334
tn_er,69,979999,9.333333333333334
tn_er,69,984999,9.266666666666667
tn_er,69,989999,9.3
tn_er,69,994999,9.4
tn_er,69,999999,9.233333333333333
